"fips","ad_2006","ad_2013","ad_2014","state"
1001,44.26,19.23,18.59,"AL"
1003,24.64,17.70,16.54,"AL"
1005,75.40,10.38,12.27,"AL"
1007,21.97,11.11,6.66,"AL"
1009,16.14,11.78,6.93,"AL"
1011,66.07,8.49,0.00,"AL"
1013,36.37,37.46,34.49,"AL"
1015,46.04,36.89,37.10,"AL"
1017,50.67,24.58,25.82,"AL"
1019,24.97,38.29,31.88,"AL"
1021,43.21,23.50,29.36,"AL"
1023,16.07,13.44,12.76,"AL"
1025,23.85,30.20,30.07,"AL"
1027,56.19,39.24,32.47,"AL"
1029,70.93,36.63,27.19,"AL"
1031,45.57,18.29,14.14,"AL"
1033,43.15,20.92,22.00,"AL"
1035,52.66,3.88,5.52,"AL"
1037,55.37,45.19,45.01,"AL"
1039,74.51,58.12,56.44,"AL"
1041,27.95,11.46,12.16,"AL"
1043,36.03,30.45,24.97,"AL"
1045,32.13,16.65,14.15,"AL"
1047,31.10,14.25,9.83,"AL"
1049,31.37,13.96,17.03,"AL"
1051,31.54,16.46,14.45,"AL"
1053,45.06,30.08,35.51,"AL"
1055,54.67,33.67,36.90,"AL"
1057,35.07,29.57,14.82,"AL"
1059,52.74,30.12,25.63,"AL"
1061,33.97,22.06,16.85,"AL"
1063,30.22,13.76,8.18,"AL"
1065,5.77,3.27,0.00,"AL"
1067,46.22,17.42,22.69,"AL"
1069,77.20,43.81,43.57,"AL"
1071,32.72,22.85,22.03,"AL"
1073,48.14,23.97,24.58,"AL"
1075,23.62,18.31,19.88,"AL"
1077,28.49,19.62,24.17,"AL"
1079,41.17,36.04,36.14,"AL"
1081,26.52,20.76,17.18,"AL"
1083,24.16,14.73,11.68,"AL"
1085,25.26,16.78,17.01,"AL"
1087,23.55,14.13,14.41,"AL"
1089,36.25,20.31,18.21,"AL"
1091,37.74,42.52,19.89,"AL"
1093,70.55,43.89,49.22,"AL"
1095,20.60,18.61,16.70,"AL"
1097,52.37,40.14,37.70,"AL"
1099,21.07,4.51,15.49,"AL"
1101,57.21,24.33,21.97,"AL"
1103,39.02,25.91,34.70,"AL"
1105,21.17,5.01,0.00,"AL"
1107,30.74,20.12,16.70,"AL"
1109,66.71,22.86,20.07,"AL"
1111,80.20,42.80,40.37,"AL"
1113,61.39,36.35,38.08,"AL"
1115,28.51,27.36,30.80,"AL"
1117,15.68,18.90,15.82,"AL"
1119,14.76,11.24,6.84,"AL"
1121,61.82,23.24,18.81,"AL"
1123,51.66,25.47,32.31,"AL"
1125,29.67,24.71,26.51,"AL"
1127,41.58,25.05,26.73,"AL"
1129,23.14,15.44,20.20,"AL"
1131,7.81,4.44,5.41,"AL"
1133,42.31,31.84,29.40,"AL"
5001,63.83,62.70,54.86,"AR"
5003,51.74,51.29,58.24,"AR"
5005,24.95,20.25,23.99,"AR"
5007,17.89,23.01,23.89,"AR"
5009,28.03,21.13,24.46,"AR"
5011,28.90,41.10,30.50,"AR"
5013,52.64,24.91,21.15,"AR"
5015,15.98,17.29,22.35,"AR"
5017,36.14,41.45,66.19,"AR"
5019,36.23,47.14,36.32,"AR"
5021,17.10,26.15,35.72,"AR"
5023,18.95,31.57,45.25,"AR"
5025,34.69,24.53,39.06,"AR"
5027,31.01,35.03,33.43,"AR"
5029,37.20,32.58,44.59,"AR"
5031,30.08,24.99,25.26,"AR"
5033,42.07,38.11,44.41,"AR"
5035,80.28,56.27,61.56,"AR"
5037,12.95,10.28,17.41,"AR"
5039,38.53,26.51,23.21,"AR"
5041,24.27,41.63,49.74,"AR"
5043,35.86,44.32,42.42,"AR"
5045,27.34,19.43,25.59,"AR"
5047,24.36,33.44,38.75,"AR"
5049,17.12,24.54,19.79,"AR"
5051,17.61,28.23,26.61,"AR"
5053,20.09,29.92,33.62,"AR"
5055,27.24,43.65,49.89,"AR"
5057,29.77,39.74,38.97,"AR"
5059,28.33,40.97,39.56,"AR"
5061,73.47,59.81,75.56,"AR"
5063,28.54,39.36,43.56,"AR"
5065,25.81,30.68,30.40,"AR"
5067,53.34,74.16,74.71,"AR"
5069,25.60,43.10,46.34,"AR"
5071,25.34,40.56,38.45,"AR"
5073,39.99,41.41,50.63,"AR"
5075,15.09,49.24,64.97,"AR"
5077,12.66,26.89,28.40,"AR"
5079,14.84,11.39,12.88,"AR"
5081,76.20,55.73,86.98,"AR"
5083,16.20,20.38,24.59,"AR"
5085,27.43,29.93,32.84,"AR"
5087,28.08,20.35,17.15,"AR"
5089,14.45,10.96,13.44,"AR"
5091,52.86,71.23,71.15,"AR"
5093,48.14,38.90,44.99,"AR"
5095,20.00,53.48,52.76,"AR"
5097,8.52,22.79,33.03,"AR"
5099,30.17,25.03,21.78,"AR"
5101,7.31,6.20,0.00,"AR"
5103,45.61,28.79,35.44,"AR"
5105,0.00,18.37,12.69,"AR"
5107,25.41,26.93,45.66,"AR"
5109,37.33,52.13,49.89,"AR"
5111,41.80,30.96,31.35,"AR"
5113,23.86,32.43,43.02,"AR"
5115,28.60,40.48,40.51,"AR"
5117,21.00,31.10,72.25,"AR"
5119,27.89,30.78,31.35,"AR"
5121,26.82,25.52,33.58,"AR"
5123,25.44,13.92,20.82,"AR"
5125,11.74,17.17,21.09,"AR"
5127,27.90,43.98,28.06,"AR"
5129,17.28,20.03,18.92,"AR"
5131,44.89,63.88,61.60,"AR"
5133,30.34,51.32,46.48,"AR"
5135,21.51,34.57,28.39,"AR"
5137,30.36,27.13,32.02,"AR"
5139,51.81,45.24,42.76,"AR"
5141,36.74,22.99,21.36,"AR"
5143,44.49,37.55,36.64,"AR"
5145,23.27,21.74,25.19,"AR"
5147,8.36,19.85,26.05,"AR"
5149,29.98,21.55,26.42,"AR"
9001,0.00,0.00,0.00,"CT"
9003,0.00,0.00,0.00,"CT"
9005,0.00,0.00,0.00,"CT"
9007,0.00,0.00,0.00,"CT"
9009,0.00,0.00,0.00,"CT"
9011,0.00,0.00,0.00,"CT"
9013,0.00,0.00,0.00,"CT"
9015,0.00,0.00,0.00,"CT"
10001,0.00,0.00,0.00,"DE"
10003,0.00,0.00,0.00,"DE"
10005,0.00,0.00,0.00,"DE"
11001,0.00,0.00,0.00,"DC"
12001,31.70,25.98,23.99,"FL"
12003,33.62,26.65,23.99,"FL"
12005,61.63,51.55,46.88,"FL"
12007,43.24,32.33,68.53,"FL"
12009,20.23,18.64,16.92,"FL"
12011,17.49,12.56,11.63,"FL"
12013,31.29,30.72,39.22,"FL"
12015,18.79,16.79,18.40,"FL"
12017,16.33,20.34,21.45,"FL"
12019,12.35,21.01,19.52,"FL"
12021,11.15,8.91,9.38,"FL"
12023,38.48,39.96,41.12,"FL"
12027,28.28,30.62,27.13,"FL"
12029,29.57,35.73,33.95,"FL"
12031,18.74,22.51,20.27,"FL"
12033,41.19,29.92,24.98,"FL"
12035,8.74,14.31,13.48,"FL"
12037,38.95,30.93,24.55,"FL"
12039,59.33,30.31,35.87,"FL"
12041,6.50,25.43,19.42,"FL"
12043,15.29,19.70,32.27,"FL"
12045,34.83,17.72,33.24,"FL"
12047,37.53,9.78,7.12,"FL"
12049,17.93,20.43,22.93,"FL"
12051,17.73,29.40,21.30,"FL"
12053,13.86,26.58,18.88,"FL"
12055,29.92,22.67,21.89,"FL"
12057,29.99,19.08,15.63,"FL"
12059,25.67,37.66,43.26,"FL"
12061,22.39,14.36,14.09,"FL"
12063,38.11,35.31,30.53,"FL"
12065,31.10,23.96,20.64,"FL"
12067,36.59,13.57,10.19,"FL"
12069,17.18,16.88,12.26,"FL"
12071,10.05,12.44,12.70,"FL"
12073,35.14,28.70,27.18,"FL"
12075,30.78,33.00,19.19,"FL"
12077,27.68,28.82,29.90,"FL"
12079,41.95,26.19,14.58,"FL"
12081,9.62,11.94,13.56,"FL"
12083,40.96,32.54,26.68,"FL"
12085,27.88,22.91,22.17,"FL"
12086,8.60,7.53,7.11,"FL"
12087,31.94,24.82,25.67,"FL"
12089,15.64,19.31,12.79,"FL"
12091,25.88,20.27,21.07,"FL"
12093,36.83,45.04,49.04,"FL"
12095,12.98,11.12,10.69,"FL"
12097,14.69,14.29,14.12,"FL"
12099,8.32,8.41,7.51,"FL"
12101,14.40,21.38,19.20,"FL"
12103,21.42,19.58,18.20,"FL"
12105,41.85,24.55,27.02,"FL"
12107,20.63,49.49,37.56,"FL"
12109,13.85,15.89,14.41,"FL"
12111,26.48,19.70,18.76,"FL"
12113,10.93,11.50,16.83,"FL"
12115,8.41,13.25,12.67,"FL"
12117,9.11,11.22,11.59,"FL"
12119,15.95,9.31,5.95,"FL"
12121,40.13,37.97,37.25,"FL"
12123,26.48,44.15,50.48,"FL"
12125,21.56,19.22,17.12,"FL"
12127,22.65,21.45,20.71,"FL"
12129,14.92,13.86,11.45,"FL"
12131,28.98,16.83,17.39,"FL"
12133,68.82,35.72,28.63,"FL"
13001,21.79,19.57,18.34,"GA"
13003,13.20,22.93,26.75,"GA"
13005,24.20,31.17,31.91,"GA"
13007,0.00,0.00,0.00,"GA"
13009,32.38,25.57,24.83,"GA"
13011,14.18,11.46,10.39,"GA"
13013,14.44,18.90,16.38,"GA"
13015,34.37,29.91,28.80,"GA"
13017,54.05,56.60,53.83,"GA"
13019,16.17,12.63,10.70,"GA"
13021,18.20,16.30,18.06,"GA"
13023,27.78,18.82,10.94,"GA"
13025,10.32,19.13,13.03,"GA"
13027,15.11,17.27,17.51,"GA"
13029,12.73,10.26,11.80,"GA"
13031,27.11,20.76,26.22,"GA"
13033,28.85,31.84,38.75,"GA"
13035,32.25,22.82,19.69,"GA"
13037,27.31,13.81,10.83,"GA"
13039,7.28,11.65,14.03,"GA"
13043,39.84,29.24,27.55,"GA"
13045,25.91,16.10,19.02,"GA"
13047,17.80,21.12,17.83,"GA"
13049,14.53,21.47,16.28,"GA"
13051,38.40,27.01,23.08,"GA"
13053,4.10,12.15,8.45,"GA"
13055,46.36,37.42,34.89,"GA"
13057,12.64,10.14,12.21,"GA"
13059,16.74,13.12,11.66,"GA"
13061,41.49,36.22,22.57,"GA"
13063,30.37,26.17,25.57,"GA"
13065,25.13,22.05,30.74,"GA"
13067,21.28,21.50,19.74,"GA"
13069,20.54,20.64,18.69,"GA"
13071,23.59,9.72,12.80,"GA"
13073,8.11,11.96,11.49,"GA"
13075,23.44,18.80,20.33,"GA"
13077,18.08,18.02,15.34,"GA"
13079,5.55,4.81,6.46,"GA"
13081,45.49,35.73,38.81,"GA"
13083,36.79,17.57,17.69,"GA"
13085,24.12,19.43,20.91,"GA"
13087,37.58,28.50,20.57,"GA"
13089,15.95,16.03,15.68,"GA"
13091,33.95,36.25,27.17,"GA"
13093,29.55,23.75,22.55,"GA"
13095,41.50,38.01,41.88,"GA"
13097,44.65,44.16,38.62,"GA"
13099,29.67,22.83,24.78,"GA"
13101,0.00,12.51,0.00,"GA"
13103,13.78,15.60,9.02,"GA"
13105,34.66,27.16,31.38,"GA"
13107,17.65,27.56,19.78,"GA"
13109,33.94,23.12,30.28,"GA"
13111,25.83,13.90,13.89,"GA"
13113,11.58,16.43,14.59,"GA"
13115,51.90,42.28,41.01,"GA"
13117,7.93,9.63,8.37,"GA"
13119,29.55,32.21,28.75,"GA"
13121,18.62,12.99,11.93,"GA"
13123,20.14,14.69,12.49,"GA"
13125,0.00,0.00,0.00,"GA"
13127,15.45,26.74,20.81,"GA"
13129,33.03,29.91,39.07,"GA"
13131,39.37,23.36,12.22,"GA"
13133,26.10,35.62,28.50,"GA"
13135,8.79,15.48,12.52,"GA"
13137,11.12,7.85,9.14,"GA"
13139,21.60,17.10,15.46,"GA"
13141,11.91,12.36,15.28,"GA"
13143,18.19,32.30,35.61,"GA"
13145,9.92,13.16,13.99,"GA"
13147,21.70,26.69,26.80,"GA"
13149,28.19,20.76,17.24,"GA"
13151,15.12,11.86,10.10,"GA"
13153,20.04,17.04,16.03,"GA"
13155,16.72,31.87,10.98,"GA"
13157,14.69,15.91,15.68,"GA"
13159,21.82,18.46,14.15,"GA"
13161,23.93,24.69,22.88,"GA"
13163,11.38,33.66,18.44,"GA"
13165,21.99,15.11,17.53,"GA"
13167,25.24,15.34,11.34,"GA"
13169,30.72,32.33,29.87,"GA"
13171,20.95,17.83,16.48,"GA"
13173,16.59,10.58,9.64,"GA"
13175,25.10,21.49,26.54,"GA"
13177,16.77,10.32,8.91,"GA"
13179,13.71,20.45,13.96,"GA"
13181,16.47,14.25,10.50,"GA"
13183,21.59,22.84,16.95,"GA"
13185,26.14,15.16,13.92,"GA"
13187,22.35,11.65,15.72,"GA"
13189,24.43,24.74,24.33,"GA"
13191,16.97,24.68,14.07,"GA"
13193,17.99,10.03,5.08,"GA"
13195,24.25,15.65,26.84,"GA"
13197,32.28,9.17,11.37,"GA"
13199,36.87,22.16,29.72,"GA"
13201,19.82,20.28,16.78,"GA"
13205,30.85,23.02,11.86,"GA"
13207,34.95,18.14,19.59,"GA"
13209,23.20,16.72,8.90,"GA"
13211,24.06,36.62,36.20,"GA"
13213,35.69,14.25,14.21,"GA"
13215,35.75,17.70,14.88,"GA"
13217,33.33,25.15,31.16,"GA"
13219,9.03,5.29,5.70,"GA"
13221,10.18,15.16,13.63,"GA"
13223,7.09,6.93,4.90,"GA"
13225,10.55,8.18,14.49,"GA"
13227,14.92,13.22,14.00,"GA"
13229,5.86,15.31,18.96,"GA"
13231,9.55,9.55,7.87,"GA"
13233,11.86,20.40,17.02,"GA"
13235,24.63,14.74,19.16,"GA"
13237,20.24,35.66,21.23,"GA"
13239,29.22,29.59,0.00,"GA"
13241,23.97,14.16,14.16,"GA"
13243,17.34,32.01,21.88,"GA"
13245,34.41,29.16,27.81,"GA"
13247,28.72,20.96,23.47,"GA"
13249,13.95,25.63,0.00,"GA"
13251,34.59,26.73,26.98,"GA"
13253,19.25,21.34,34.54,"GA"
13255,43.43,31.85,32.97,"GA"
13257,35.12,32.82,25.90,"GA"
13259,16.65,25.53,10.45,"GA"
13261,29.28,23.92,17.93,"GA"
13263,14.95,15.51,18.78,"GA"
13265,50.96,59.07,0.00,"GA"
13267,26.04,26.69,30.53,"GA"
13269,45.38,34.36,50.94,"GA"
13271,36.00,12.57,15.14,"GA"
13273,27.04,31.47,27.38,"GA"
13275,26.63,14.05,12.23,"GA"
13277,20.23,25.07,21.62,"GA"
13279,21.67,35.16,38.85,"GA"
13281,22.75,18.60,28.83,"GA"
13283,48.41,52.51,66.39,"GA"
13285,61.53,36.08,37.86,"GA"
13287,15.05,14.74,20.85,"GA"
13289,19.30,24.82,32.45,"GA"
13291,12.62,14.35,21.38,"GA"
13293,62.41,30.92,25.14,"GA"
13295,25.99,22.40,19.79,"GA"
13297,19.67,30.47,37.32,"GA"
13299,31.38,33.89,32.10,"GA"
13301,24.54,16.20,14.49,"GA"
13303,16.68,33.37,21.32,"GA"
13305,31.47,27.95,23.37,"GA"
13307,21.67,0.00,0.00,"GA"
13309,9.04,6.30,12.51,"GA"
13311,14.60,19.08,13.94,"GA"
13313,35.49,22.80,23.08,"GA"
13315,27.44,11.12,15.82,"GA"
13317,33.12,27.15,34.21,"GA"
13319,23.11,15.90,20.37,"GA"
13321,13.84,17.57,12.42,"GA"
15001,11.28,0.00,0.00,"HI"
15003,11.10,0.00,0.00,"HI"
15005,0.00,0.00,0.00,"HI"
15007,12.38,0.00,0.00,"HI"
15009,14.88,0.00,0.00,"HI"
16001,0.00,0.00,20.79,"ID"
16003,0.00,0.00,10.36,"ID"
16005,0.00,0.00,15.48,"ID"
16007,0.00,0.00,10.07,"ID"
16009,0.00,0.00,8.77,"ID"
16011,0.00,0.00,13.92,"ID"
16013,0.00,0.00,5.12,"ID"
16015,0.00,0.00,10.26,"ID"
16017,0.00,0.00,9.14,"ID"
16019,0.00,0.00,17.03,"ID"
16021,0.00,0.00,10.02,"ID"
16023,0.00,0.00,3.81,"ID"
16025,0.00,0.00,9.62,"ID"
16027,0.00,0.00,15.90,"ID"
16029,0.00,0.00,8.78,"ID"
16031,0.00,0.00,22.51,"ID"
16033,0.00,0.00,0.00,"ID"
16035,0.00,0.00,14.02,"ID"
16037,0.00,0.00,4.83,"ID"
16039,0.00,0.00,16.10,"ID"
16041,0.00,0.00,10.75,"ID"
16043,0.00,0.00,8.55,"ID"
16045,0.00,0.00,11.27,"ID"
16047,0.00,0.00,13.28,"ID"
16049,0.00,0.00,9.87,"ID"
16051,0.00,0.00,4.44,"ID"
16053,0.00,0.00,21.04,"ID"
16055,0.00,0.00,11.54,"ID"
16057,0.00,0.00,6.51,"ID"
16059,0.00,0.00,3.88,"ID"
16061,0.00,0.00,13.03,"ID"
16063,0.00,0.00,7.52,"ID"
16065,0.00,0.00,4.47,"ID"
16067,0.00,0.00,18.70,"ID"
16069,0.00,0.00,17.25,"ID"
16071,0.00,0.00,16.73,"ID"
16073,0.00,0.00,13.21,"ID"
16075,0.00,0.00,10.07,"ID"
16077,0.00,0.00,17.07,"ID"
16079,0.00,0.00,7.26,"ID"
16081,0.00,0.00,5.80,"ID"
16083,0.00,0.00,25.95,"ID"
16085,0.00,0.00,32.57,"ID"
16087,0.00,0.00,4.99,"ID"
17001,34.10,33.71,0.00,"IL"
17003,45.11,37.94,0.00,"IL"
17005,19.25,22.91,0.00,"IL"
17007,13.32,14.84,0.00,"IL"
17009,0.00,7.29,0.00,"IL"
17011,17.92,14.67,0.00,"IL"
17013,0.00,25.78,0.00,"IL"
17015,18.42,7.40,0.00,"IL"
17017,28.09,24.00,0.00,"IL"
17019,39.82,24.88,0.00,"IL"
17021,25.11,20.19,0.00,"IL"
17023,26.41,19.13,0.00,"IL"
17025,20.37,24.31,0.00,"IL"
17027,15.04,23.49,0.00,"IL"
17029,35.36,22.56,0.00,"IL"
17031,37.65,27.44,0.00,"IL"
17033,33.49,22.55,0.00,"IL"
17035,18.16,10.12,0.00,"IL"
17037,14.02,10.88,0.00,"IL"
17039,24.83,18.29,0.00,"IL"
17041,19.09,11.60,0.00,"IL"
17043,12.39,8.63,0.00,"IL"
17045,45.80,15.04,0.00,"IL"
17047,10.46,25.46,0.00,"IL"
17049,20.13,16.03,0.00,"IL"
17051,25.81,32.67,0.00,"IL"
17053,12.15,11.58,0.00,"IL"
17055,15.20,25.52,0.00,"IL"
17057,19.28,18.97,0.00,"IL"
17059,14.50,0.00,0.00,"IL"
17061,10.89,11.75,0.00,"IL"
17063,9.79,13.16,0.00,"IL"
17065,5.94,22.81,0.00,"IL"
17067,15.83,11.87,0.00,"IL"
17069,16.38,52.91,0.00,"IL"
17071,19.48,18.82,0.00,"IL"
17073,36.81,22.31,0.00,"IL"
17075,24.11,12.75,0.00,"IL"
17077,23.98,25.67,0.00,"IL"
17079,27.89,10.44,0.00,"IL"
17081,25.02,24.02,0.00,"IL"
17083,30.20,25.62,0.00,"IL"
17085,7.52,5.85,0.00,"IL"
17087,26.85,21.35,0.00,"IL"
17089,16.71,11.58,0.00,"IL"
17091,36.73,25.05,0.00,"IL"
17093,9.54,8.28,0.00,"IL"
17095,16.37,18.95,0.00,"IL"
17097,15.40,11.08,0.00,"IL"
17099,33.01,33.74,0.00,"IL"
17101,29.94,31.77,0.00,"IL"
17103,29.27,15.19,0.00,"IL"
17105,34.90,21.70,0.00,"IL"
17107,28.17,21.37,0.00,"IL"
17109,15.36,17.27,0.00,"IL"
17111,6.95,5.08,0.00,"IL"
17113,30.13,21.61,0.00,"IL"
17115,66.12,51.90,0.00,"IL"
17117,21.70,12.58,0.00,"IL"
17119,23.92,22.45,0.00,"IL"
17121,66.55,48.65,0.00,"IL"
17123,10.44,14.00,0.00,"IL"
17125,24.81,33.13,0.00,"IL"
17127,37.30,20.69,0.00,"IL"
17129,11.82,11.10,0.00,"IL"
17131,14.09,11.78,0.00,"IL"
17133,9.95,7.75,0.00,"IL"
17135,38.82,40.44,0.00,"IL"
17137,21.45,12.84,0.00,"IL"
17139,15.47,13.42,0.00,"IL"
17141,8.48,12.79,0.00,"IL"
17143,33.99,31.56,0.00,"IL"
17145,14.43,14.18,0.00,"IL"
17147,8.42,5.47,0.00,"IL"
17149,37.34,26.64,0.00,"IL"
17151,27.38,34.63,0.00,"IL"
17153,29.83,15.24,0.00,"IL"
17155,0.00,15.45,0.00,"IL"
17157,15.65,8.81,0.00,"IL"
17159,39.47,32.36,0.00,"IL"
17161,18.85,11.99,0.00,"IL"
17163,27.33,20.97,0.00,"IL"
17165,44.89,38.97,0.00,"IL"
17167,32.03,23.11,0.00,"IL"
17169,14.69,37.71,0.00,"IL"
17171,0.00,9.55,0.00,"IL"
17173,20.66,16.69,0.00,"IL"
17175,21.88,15.30,0.00,"IL"
17177,33.18,26.08,0.00,"IL"
17179,19.74,21.12,0.00,"IL"
17181,19.75,46.13,0.00,"IL"
17183,34.63,27.98,0.00,"IL"
17185,23.63,23.23,0.00,"IL"
17187,20.83,16.95,0.00,"IL"
17189,21.20,0.00,0.00,"IL"
17191,24.59,5.42,0.00,"IL"
17193,37.59,29.60,0.00,"IL"
17195,45.40,25.32,0.00,"IL"
17197,16.70,16.37,0.00,"IL"
17199,18.77,15.95,0.00,"IL"
17201,37.70,36.07,0.00,"IL"
17203,20.05,17.11,0.00,"IL"
18001,22.08,32.29,31.90,"IN"
18003,36.50,34.74,29.98,"IN"
18005,25.66,26.90,23.94,"IN"
18007,23.80,29.72,11.49,"IN"
18009,10.26,60.85,53.22,"IN"
18011,12.07,21.15,20.19,"IN"
18013,11.90,11.96,9.36,"IN"
18015,29.34,30.35,28.61,"IN"
18017,16.75,16.35,18.73,"IN"
18019,18.43,16.31,15.32,"IN"
18021,5.58,48.89,41.04,"IN"
18023,12.09,42.78,62.55,"IN"
18025,35.66,31.10,30.03,"IN"
18027,13.78,12.69,13.75,"IN"
18029,47.42,104.42,114.33,"IN"
18031,23.13,46.45,38.46,"IN"
18033,15.86,12.77,13.45,"IN"
18035,23.56,17.72,15.29,"IN"
18037,5.46,10.87,7.79,"IN"
18039,42.18,38.84,31.54,"IN"
18041,22.81,54.11,54.12,"IN"
18043,9.45,19.33,21.27,"IN"
18045,22.80,23.13,19.21,"IN"
18047,31.68,45.79,49.71,"IN"
18049,35.75,45.95,43.41,"IN"
18051,11.04,19.37,18.66,"IN"
18053,17.65,39.68,35.88,"IN"
18055,11.82,22.24,30.25,"IN"
18057,10.81,20.35,19.13,"IN"
18059,12.49,20.96,16.12,"IN"
18061,16.58,29.94,19.08,"IN"
18063,19.71,20.31,19.54,"IN"
18065,14.41,34.44,30.62,"IN"
18067,21.50,36.40,38.20,"IN"
18069,72.89,68.13,73.29,"IN"
18071,19.17,41.90,46.22,"IN"
18073,7.19,13.18,15.53,"IN"
18075,15.47,30.99,38.72,"IN"
18077,14.18,49.21,53.86,"IN"
18079,31.07,48.10,49.29,"IN"
18081,27.43,31.55,27.72,"IN"
18083,14.90,18.39,21.09,"IN"
18085,14.32,21.67,14.38,"IN"
18087,21.62,24.96,18.21,"IN"
18089,10.36,13.53,10.87,"IN"
18091,11.77,18.34,18.04,"IN"
18093,19.54,34.44,32.82,"IN"
18095,48.16,58.22,47.67,"IN"
18097,57.74,43.00,35.86,"IN"
18099,29.11,41.67,24.41,"IN"
18101,8.76,12.71,13.72,"IN"
18103,22.12,22.69,18.63,"IN"
18105,16.47,22.18,19.05,"IN"
18107,28.78,43.80,43.78,"IN"
18109,16.47,27.07,22.24,"IN"
18111,18.37,24.86,21.90,"IN"
18113,39.36,53.25,39.48,"IN"
18115,18.11,33.14,43.08,"IN"
18117,9.08,13.69,12.74,"IN"
18119,18.63,32.12,29.57,"IN"
18121,22.08,40.04,29.01,"IN"
18123,24.68,45.67,44.21,"IN"
18125,12.52,26.84,17.43,"IN"
18127,8.54,11.36,10.83,"IN"
18129,21.78,31.35,24.67,"IN"
18131,15.85,12.30,16.19,"IN"
18133,30.16,39.70,35.09,"IN"
18135,8.47,13.66,9.85,"IN"
18137,25.49,50.98,47.02,"IN"
18139,34.19,41.12,56.24,"IN"
18141,24.52,23.35,19.80,"IN"
18143,31.20,71.69,75.07,"IN"
18145,51.67,61.57,70.44,"IN"
18147,12.88,8.64,13.94,"IN"
18149,53.29,61.17,39.44,"IN"
18151,12.58,21.58,31.19,"IN"
18153,20.64,15.57,15.20,"IN"
18155,8.54,11.40,11.48,"IN"
18157,15.60,27.41,25.02,"IN"
18159,3.16,8.34,5.19,"IN"
18161,48.52,57.46,41.40,"IN"
18163,38.34,40.82,33.52,"IN"
18165,31.68,29.64,14.02,"IN"
18167,33.40,27.69,21.72,"IN"
18169,35.22,59.66,57.67,"IN"
18171,18.90,8.34,11.97,"IN"
18173,8.48,12.13,6.38,"IN"
18175,16.75,45.31,49.86,"IN"
18177,71.33,66.64,65.61,"IN"
18179,14.80,36.78,44.15,"IN"
18181,21.60,11.08,11.04,"IN"
18183,11.42,14.14,12.27,"IN"
19001,7.91,0.00,0.00,"IA"
19003,0.00,0.00,0.00,"IA"
19005,0.00,4.98,8.55,"IA"
19007,13.27,17.38,20.54,"IA"
19009,0.00,10.20,12.08,"IA"
19011,5.01,1.94,7.01,"IA"
19013,50.35,50.68,45.60,"IA"
19015,12.92,9.11,9.46,"IA"
19017,8.20,13.43,10.52,"IA"
19019,9.54,13.85,13.31,"IA"
19021,5.90,11.66,14.58,"IA"
19023,5.37,7.33,10.00,"IA"
19025,13.06,5.05,10.14,"IA"
19027,6.75,4.37,8.27,"IA"
19029,10.15,13.97,18.59,"IA"
19031,3.79,7.07,2.72,"IA"
19033,28.91,24.14,27.28,"IA"
19035,6.66,11.75,11.83,"IA"
19037,4.85,0.00,4.08,"IA"
19039,11.81,7.56,16.27,"IA"
19041,3.61,9.11,12.72,"IA"
19043,6.11,10.12,15.83,"IA"
19045,11.25,13.86,13.94,"IA"
19047,15.11,4.02,6.38,"IA"
19049,4.46,5.89,6.33,"IA"
19051,13.71,15.96,14.80,"IA"
19053,8.43,10.92,8.47,"IA"
19055,4.53,10.86,12.07,"IA"
19057,38.46,27.44,21.12,"IA"
19059,5.95,7.67,4.72,"IA"
19061,15.46,14.18,12.24,"IA"
19063,7.89,8.00,7.01,"IA"
19065,29.78,23.41,15.73,"IA"
19067,12.98,8.07,9.33,"IA"
19069,6.59,8.55,0.00,"IA"
19071,8.23,7.08,12.82,"IA"
19073,12.97,6.55,20.65,"IA"
19075,5.64,0.00,6.46,"IA"
19077,6.46,13.11,13.06,"IA"
19079,6.46,9.80,10.58,"IA"
19081,5.34,10.81,7.25,"IA"
19083,4.58,8.03,7.51,"IA"
19085,5.43,11.08,0.00,"IA"
19087,10.40,19.29,21.76,"IA"
19089,0.00,0.00,5.29,"IA"
19091,6.14,7.23,0.00,"IA"
19093,11.27,9.80,21.30,"IA"
19095,3.68,4.90,4.89,"IA"
19097,3.55,2.56,4.62,"IA"
19099,10.90,12.80,15.73,"IA"
19101,7.14,8.68,9.24,"IA"
19103,9.62,6.65,7.94,"IA"
19105,4.85,4.87,0.00,"IA"
19107,8.63,0.00,0.00,"IA"
19109,7.13,8.51,3.94,"IA"
19111,21.83,19.50,22.39,"IA"
19113,14.29,10.13,9.64,"IA"
19115,10.57,4.43,8.06,"IA"
19117,13.57,12.59,12.64,"IA"
19119,6.00,5.13,10.27,"IA"
19121,3.20,8.41,10.89,"IA"
19123,20.96,16.06,23.25,"IA"
19125,11.41,16.87,17.38,"IA"
19127,35.05,27.06,28.39,"IA"
19129,9.34,12.74,14.83,"IA"
19131,0.00,0.00,0.00,"IA"
19133,5.43,18.67,10.00,"IA"
19135,19.98,17.52,7.50,"IA"
19137,9.41,0.00,15.35,"IA"
19139,18.23,13.05,18.88,"IA"
19141,40.00,11.39,13.52,"IA"
19143,0.00,9.64,0.00,"IA"
19145,4.42,5.14,6.45,"IA"
19147,0.00,7.63,5.50,"IA"
19149,8.02,10.03,8.44,"IA"
19151,8.28,12.58,14.01,"IA"
19153,33.20,32.87,27.94,"IA"
19155,26.89,20.57,26.95,"IA"
19157,4.79,9.12,16.61,"IA"
19159,0.00,11.89,0.00,"IA"
19161,0.00,0.00,4.98,"IA"
19163,32.62,20.40,19.08,"IA"
19165,4.96,5.02,9.21,"IA"
19167,5.58,6.66,8.36,"IA"
19169,14.88,9.96,10.95,"IA"
19171,14.16,13.13,16.04,"IA"
19173,0.00,8.08,9.77,"IA"
19175,7.17,18.26,28.76,"IA"
19177,0.00,6.72,14.73,"IA"
19179,38.63,30.81,27.26,"IA"
19181,11.15,13.92,12.51,"IA"
19183,7.79,13.17,13.14,"IA"
19185,0.00,0.00,9.38,"IA"
19187,34.55,32.24,25.17,"IA"
19189,10.25,0.00,5.68,"IA"
19191,2.85,6.23,7.22,"IA"
19193,35.93,27.67,29.63,"IA"
19195,9.26,0.00,10.49,"IA"
19197,3.82,10.80,12.46,"IA"
21001,28.35,32.92,25.52,"KY"
21003,23.85,32.56,37.28,"KY"
21005,16.69,20.69,22.39,"KY"
21007,51.92,66.41,65.53,"KY"
21009,38.82,23.70,23.87,"KY"
21011,16.20,49.97,33.59,"KY"
21013,48.22,78.84,81.72,"KY"
21015,27.22,33.00,36.78,"KY"
21017,27.50,20.57,42.06,"KY"
21019,25.55,68.62,70.45,"KY"
21021,36.24,53.06,64.30,"KY"
21023,21.25,39.10,41.64,"KY"
21025,28.31,22.11,35.05,"KY"
21027,49.85,48.36,54.81,"KY"
21029,13.69,29.94,33.74,"KY"
21031,37.66,59.25,66.80,"KY"
21033,36.30,71.96,61.30,"KY"
21035,29.16,29.89,27.17,"KY"
21037,51.65,73.10,74.70,"KY"
21039,35.55,52.13,30.13,"KY"
21041,78.88,106.61,123.90,"KY"
21043,10.55,43.60,40.04,"KY"
21045,35.61,54.01,47.83,"KY"
21047,39.37,35.74,32.05,"KY"
21049,47.46,21.91,33.84,"KY"
21051,21.26,35.78,26.01,"KY"
21053,40.16,41.44,42.30,"KY"
21055,33.39,55.30,44.45,"KY"
21057,23.38,22.01,16.31,"KY"
21059,41.96,36.97,38.36,"KY"
21061,30.46,49.66,34.13,"KY"
21063,16.70,23.42,39.10,"KY"
21065,13.70,49.07,45.68,"KY"
21067,29.05,29.83,29.86,"KY"
21069,18.70,43.25,44.00,"KY"
21071,25.10,34.34,26.24,"KY"
21073,26.52,27.39,25.86,"KY"
21075,96.24,129.99,108.54,"KY"
21077,38.71,81.14,52.39,"KY"
21079,33.14,26.65,24.91,"KY"
21081,42.94,44.35,57.49,"KY"
21083,27.86,30.23,24.19,"KY"
21085,64.26,48.78,46.96,"KY"
21087,18.66,4.48,10.87,"KY"
21089,15.48,43.84,38.01,"KY"
21091,42.98,36.84,45.70,"KY"
21093,39.17,42.84,47.48,"KY"
21095,40.67,32.25,22.37,"KY"
21097,20.86,40.47,46.26,"KY"
21099,29.44,40.99,37.10,"KY"
21101,71.49,54.32,74.03,"KY"
21103,19.45,20.74,16.05,"KY"
21105,64.13,48.44,40.14,"KY"
21107,52.55,30.93,26.95,"KY"
21109,29.07,26.17,33.11,"KY"
21111,32.67,29.91,29.47,"KY"
21113,26.27,39.33,37.39,"KY"
21115,11.98,36.65,36.54,"KY"
21117,28.54,52.40,51.73,"KY"
21119,19.73,37.35,44.68,"KY"
21121,35.78,46.80,49.69,"KY"
21123,16.26,25.58,25.39,"KY"
21125,40.39,43.73,39.16,"KY"
21127,10.71,30.95,31.00,"KY"
21129,22.50,41.78,67.16,"KY"
21131,16.04,11.81,12.82,"KY"
21133,21.49,38.70,38.10,"KY"
21135,23.81,56.53,43.23,"KY"
21137,21.95,29.08,33.54,"KY"
21139,38.03,40.56,50.22,"KY"
21141,40.64,46.72,45.41,"KY"
21143,23.83,47.26,35.59,"KY"
21145,69.50,70.51,65.37,"KY"
21147,41.84,51.28,41.99,"KY"
21149,30.45,16.82,34.82,"KY"
21151,30.25,42.12,47.40,"KY"
21153,25.04,24.02,30.20,"KY"
21155,34.60,20.02,14.99,"KY"
21157,35.79,30.80,26.81,"KY"
21159,20.26,32.33,26.32,"KY"
21161,59.02,105.73,87.38,"KY"
21163,49.61,50.26,49.76,"KY"
21165,31.58,39.54,30.22,"KY"
21167,24.87,52.15,36.59,"KY"
21169,15.93,17.06,22.02,"KY"
21171,54.26,34.50,23.36,"KY"
21173,35.87,70.74,61.15,"KY"
21175,15.38,28.47,27.81,"KY"
21177,45.50,75.21,87.16,"KY"
21179,41.00,28.32,26.33,"KY"
21181,28.23,58.39,66.75,"KY"
21183,46.75,45.90,43.37,"KY"
21185,5.58,7.53,5.99,"KY"
21187,33.31,40.44,38.52,"KY"
21189,33.77,82.29,79.86,"KY"
21191,21.07,69.28,57.27,"KY"
21193,41.42,59.32,71.02,"KY"
21195,23.11,27.23,22.84,"KY"
21197,33.38,34.34,41.02,"KY"
21199,39.77,62.96,55.15,"KY"
21201,0.00,40.54,59.17,"KY"
21203,52.95,55.51,69.54,"KY"
21205,27.75,57.81,69.75,"KY"
21207,15.88,26.56,23.07,"KY"
21209,14.75,20.59,16.57,"KY"
21211,20.74,19.88,21.84,"KY"
21213,37.26,39.49,40.39,"KY"
21215,12.71,15.38,19.81,"KY"
21217,31.73,14.29,15.44,"KY"
21219,38.38,30.44,38.34,"KY"
21221,16.10,37.76,26.16,"KY"
21223,17.01,24.88,35.28,"KY"
21225,56.81,39.73,52.09,"KY"
21227,37.34,33.54,41.09,"KY"
21229,25.48,11.75,6.69,"KY"
21231,34.62,43.56,40.03,"KY"
21233,41.29,32.83,30.98,"KY"
21235,17.64,43.28,37.74,"KY"
21237,20.55,22.06,42.97,"KY"
21239,14.01,15.84,18.39,"KY"
22001,25.22,35.23,31.21,"LA"
22003,18.31,36.67,48.22,"LA"
22005,16.28,21.41,18.97,"LA"
22007,15.04,21.56,19.54,"LA"
22009,29.69,52.51,52.25,"LA"
22011,33.43,35.34,41.16,"LA"
22013,35.14,50.73,51.85,"LA"
22015,36.60,32.78,34.46,"LA"
22017,49.89,48.36,43.98,"LA"
22019,22.79,25.59,28.24,"LA"
22021,29.75,54.36,50.54,"LA"
22023,16.20,26.95,41.92,"LA"
22025,39.68,37.02,45.32,"LA"
22027,29.47,40.71,28.03,"LA"
22029,39.22,67.89,67.92,"LA"
22031,46.62,46.84,36.11,"LA"
22033,25.75,26.43,25.22,"LA"
22035,37.79,39.80,48.08,"LA"
22037,16.41,25.37,17.67,"LA"
22039,40.84,53.04,32.64,"LA"
22041,37.20,52.57,52.83,"LA"
22043,21.71,47.43,51.82,"LA"
22045,40.65,45.39,44.65,"LA"
22047,35.67,36.19,34.21,"LA"
22049,18.50,32.24,30.01,"LA"
22051,34.83,34.76,33.05,"LA"
22053,32.70,27.14,30.82,"LA"
22055,23.59,27.15,26.48,"LA"
22057,20.77,35.86,32.75,"LA"
22059,30.32,53.98,62.00,"LA"
22061,42.19,43.76,37.80,"LA"
22063,16.51,36.58,31.31,"LA"
22065,53.12,34.38,44.75,"LA"
22067,42.39,39.95,36.62,"LA"
22069,33.50,35.51,33.70,"LA"
22071,24.73,43.38,42.23,"LA"
22073,39.70,46.74,42.67,"LA"
22075,17.96,32.18,35.40,"LA"
22077,18.47,26.29,21.87,"LA"
22079,46.05,39.83,34.19,"LA"
22081,54.28,42.84,50.76,"LA"
22083,36.51,45.45,62.20,"LA"
22085,47.35,54.42,46.70,"LA"
22087,19.31,31.12,25.90,"LA"
22089,15.96,24.32,23.89,"LA"
22091,27.12,54.37,32.96,"LA"
22093,14.14,17.97,15.71,"LA"
22095,11.74,21.78,21.72,"LA"
22097,16.16,32.83,34.17,"LA"
22099,27.97,28.90,27.95,"LA"
22101,51.78,53.61,54.55,"LA"
22103,29.77,37.86,41.04,"LA"
22105,23.56,26.85,23.85,"LA"
22107,27.42,34.64,60.04,"LA"
22109,42.64,46.61,42.00,"LA"
22111,41.19,47.69,50.14,"LA"
22113,15.76,33.72,30.19,"LA"
22115,18.28,26.50,24.94,"LA"
22117,44.10,66.62,61.36,"LA"
22119,51.17,62.90,55.79,"LA"
22121,39.15,38.28,37.07,"LA"
22123,21.66,40.99,53.80,"LA"
22125,19.33,25.21,12.98,"LA"
22127,36.35,46.66,61.72,"LA"
23001,0.00,9.68,0.00,"ME"
23003,0.00,17.99,0.00,"ME"
23005,0.00,7.59,0.00,"ME"
23007,0.00,12.12,0.00,"ME"
23009,0.00,6.94,0.00,"ME"
23011,0.00,7.52,0.00,"ME"
23013,0.00,12.88,0.00,"ME"
23015,0.00,5.56,0.00,"ME"
23017,0.00,7.16,0.00,"ME"
23019,0.00,10.82,0.00,"ME"
23021,0.00,8.15,0.00,"ME"
23023,0.00,7.99,0.00,"ME"
23025,0.00,10.84,0.00,"ME"
23027,0.00,9.75,0.00,"ME"
23029,0.00,11.18,0.00,"ME"
23031,0.00,5.97,0.00,"ME"
24001,12.50,14.01,0.00,"MD"
24003,7.15,7.39,0.00,"MD"
24005,15.81,14.36,0.00,"MD"
24009,8.51,13.48,0.00,"MD"
24011,19.77,27.88,0.00,"MD"
24013,6.58,7.46,0.00,"MD"
24015,15.28,16.18,0.00,"MD"
24017,21.42,18.44,0.00,"MD"
24019,30.35,40.78,0.00,"MD"
24021,6.21,8.33,0.00,"MD"
24023,5.00,15.03,0.00,"MD"
24025,17.47,21.13,0.00,"MD"
24027,3.81,4.89,0.00,"MD"
24029,23.35,21.72,0.00,"MD"
24031,2.73,3.58,0.00,"MD"
24033,7.42,8.47,0.00,"MD"
24035,15.78,11.53,0.00,"MD"
24037,11.95,12.06,0.00,"MD"
24039,33.02,32.52,0.00,"MD"
24041,17.96,16.07,0.00,"MD"
24043,27.69,29.75,0.00,"MD"
24045,32.30,37.34,0.00,"MD"
24047,14.57,28.30,0.00,"MD"
24510,130.36,80.69,0.00,"MD"
25001,0.00,3.21,3.82,"MA"
25003,0.00,4.71,5.28,"MA"
25005,0.00,5.03,5.40,"MA"
25007,0.00,0.00,0.00,"MA"
25009,0.00,8.07,7.63,"MA"
25011,0.00,5.06,4.94,"MA"
25013,0.00,6.05,4.93,"MA"
25015,0.00,1.18,1.80,"MA"
25017,0.00,3.13,3.11,"MA"
25019,0.00,0.00,0.00,"MA"
25021,0.00,2.95,3.18,"MA"
25023,0.00,4.96,6.19,"MA"
25025,0.00,6.29,5.93,"MA"
25027,0.00,3.52,3.06,"MA"
26001,16.69,8.51,0.00,"MI"
26003,9.48,12.61,0.00,"MI"
26005,11.63,9.07,0.00,"MI"
26007,9.18,15.47,0.00,"MI"
26009,13.61,15.03,0.00,"MI"
26011,10.16,3.88,0.00,"MI"
26013,9.10,0.00,0.00,"MI"
26015,9.98,5.92,0.00,"MI"
26017,12.86,13.56,0.00,"MI"
26019,6.87,5.17,0.00,"MI"
26021,27.64,23.37,0.00,"MI"
26023,8.33,12.42,0.00,"MI"
26025,18.30,12.16,0.00,"MI"
26027,13.79,12.38,0.00,"MI"
26029,6.53,3.83,0.00,"MI"
26031,18.47,14.04,0.00,"MI"
26033,5.42,11.63,0.00,"MI"
26035,9.41,7.86,0.00,"MI"
26037,8.71,5.71,0.00,"MI"
26039,18.55,18.69,0.00,"MI"
26041,5.68,8.96,0.00,"MI"
26043,14.88,17.27,0.00,"MI"
26045,7.88,8.68,0.00,"MI"
26047,14.91,14.52,0.00,"MI"
26049,16.65,12.29,0.00,"MI"
26051,7.01,13.33,0.00,"MI"
26053,6.18,8.18,0.00,"MI"
26055,12.59,9.22,0.00,"MI"
26057,11.63,9.99,0.00,"MI"
26059,15.71,9.98,0.00,"MI"
26061,3.01,1.63,0.00,"MI"
26063,4.27,7.75,0.00,"MI"
26065,11.05,9.26,0.00,"MI"
26067,8.92,11.25,0.00,"MI"
26069,8.18,5.91,0.00,"MI"
26071,9.38,8.67,0.00,"MI"
26073,11.36,11.22,0.00,"MI"
26075,23.23,14.13,0.00,"MI"
26077,15.39,11.62,0.00,"MI"
26079,19.83,11.58,0.00,"MI"
26081,16.29,15.52,0.00,"MI"
26083,0.00,0.00,0.00,"MI"
26085,20.03,14.07,0.00,"MI"
26087,4.98,4.08,0.00,"MI"
26089,5.53,5.06,0.00,"MI"
26091,11.76,10.30,0.00,"MI"
26093,9.48,10.14,0.00,"MI"
26095,15.27,13.80,0.00,"MI"
26097,7.21,0.00,0.00,"MI"
26099,9.38,6.97,0.00,"MI"
26101,11.37,10.23,0.00,"MI"
26103,5.64,5.62,0.00,"MI"
26105,12.22,12.91,0.00,"MI"
26107,7.67,12.73,0.00,"MI"
26109,5.44,2.52,0.00,"MI"
26111,10.85,7.54,0.00,"MI"
26113,12.72,11.26,0.00,"MI"
26115,12.09,13.98,0.00,"MI"
26117,13.28,11.46,0.00,"MI"
26119,7.29,5.34,0.00,"MI"
26121,32.60,20.38,0.00,"MI"
26123,9.53,13.35,0.00,"MI"
26125,13.69,10.28,0.00,"MI"
26127,7.56,5.34,0.00,"MI"
26129,8.82,15.55,0.00,"MI"
26131,0.00,0.00,0.00,"MI"
26133,9.83,10.33,0.00,"MI"
26135,12.81,5.96,0.00,"MI"
26137,23.21,14.50,0.00,"MI"
26139,4.23,2.75,0.00,"MI"
26141,9.82,6.90,0.00,"MI"
26143,15.65,14.63,0.00,"MI"
26145,19.11,18.36,0.00,"MI"
26147,14.89,11.98,0.00,"MI"
26149,13.25,16.44,0.00,"MI"
26151,4.93,3.11,0.00,"MI"
26153,11.89,8.49,0.00,"MI"
26155,14.16,9.29,0.00,"MI"
26157,12.14,11.62,0.00,"MI"
26159,11.86,13.80,0.00,"MI"
26161,9.01,8.89,0.00,"MI"
26163,21.04,15.88,0.00,"MI"
26165,13.15,16.28,0.00,"MI"
28001,0.00,27.46,23.63,"MS"
28003,0.00,31.05,29.43,"MS"
28005,0.00,26.37,19.00,"MS"
28007,0.00,32.58,26.09,"MS"
28009,0.00,22.34,22.90,"MS"
28011,0.00,18.81,13.92,"MS"
28013,0.00,56.31,33.23,"MS"
28015,0.00,15.45,16.58,"MS"
28017,0.00,43.31,34.66,"MS"
28019,0.00,22.65,16.88,"MS"
28021,0.00,18.52,18.72,"MS"
28023,0.00,26.85,18.41,"MS"
28025,0.00,50.01,38.57,"MS"
28027,0.00,31.39,24.19,"MS"
28029,0.00,20.14,19.79,"MS"
28031,0.00,16.99,12.86,"MS"
28033,0.00,26.85,20.77,"MS"
28035,0.00,51.86,39.04,"MS"
28037,0.00,21.52,29.36,"MS"
28039,0.00,24.19,24.46,"MS"
28041,0.00,16.85,12.56,"MS"
28043,0.00,11.14,27.69,"MS"
28045,0.00,35.32,24.16,"MS"
28047,0.00,48.53,39.59,"MS"
28049,0.00,16.77,14.52,"MS"
28051,0.00,16.54,10.29,"MS"
28053,0.00,17.94,18.30,"MS"
28055,0.00,35.31,0.00,"MS"
28057,0.00,23.44,22.10,"MS"
28059,0.00,35.36,33.58,"MS"
28061,0.00,17.56,16.26,"MS"
28063,0.00,26.21,23.69,"MS"
28065,0.00,12.55,11.00,"MS"
28067,0.00,25.40,24.60,"MS"
28069,0.00,12.65,14.76,"MS"
28071,0.00,16.73,16.25,"MS"
28073,0.00,22.89,20.80,"MS"
28075,0.00,36.60,38.12,"MS"
28077,0.00,32.77,26.40,"MS"
28079,0.00,36.47,28.03,"MS"
28081,0.00,43.66,32.14,"MS"
28083,0.00,20.89,27.05,"MS"
28085,0.00,42.88,32.21,"MS"
28087,0.00,52.42,39.18,"MS"
28089,0.00,35.31,26.36,"MS"
28091,0.00,44.32,29.38,"MS"
28093,0.00,33.68,36.43,"MS"
28095,0.00,28.80,27.78,"MS"
28097,0.00,27.49,19.23,"MS"
28099,0.00,34.28,25.79,"MS"
28101,0.00,27.64,24.73,"MS"
28103,0.00,17.17,10.80,"MS"
28105,0.00,34.90,25.09,"MS"
28107,0.00,41.81,35.13,"MS"
28109,0.00,27.29,33.68,"MS"
28111,0.00,41.26,31.08,"MS"
28113,0.00,53.98,36.95,"MS"
28115,0.00,34.45,31.34,"MS"
28117,0.00,41.69,42.47,"MS"
28119,0.00,20.45,24.75,"MS"
28121,0.00,36.23,23.98,"MS"
28123,0.00,36.83,28.11,"MS"
28125,0.00,44.83,25.82,"MS"
28127,0.00,21.11,15.66,"MS"
28129,0.00,15.42,14.21,"MS"
28131,0.00,45.10,27.41,"MS"
28133,0.00,23.93,15.64,"MS"
28135,0.00,39.20,23.03,"MS"
28137,0.00,31.04,25.17,"MS"
28139,0.00,24.45,20.42,"MS"
28141,0.00,27.23,14.42,"MS"
28143,0.00,45.66,30.19,"MS"
28145,0.00,46.13,35.95,"MS"
28147,0.00,27.51,22.88,"MS"
28149,0.00,36.45,31.68,"MS"
28151,0.00,41.30,31.66,"MS"
28153,0.00,30.72,18.06,"MS"
28155,0.00,24.12,23.06,"MS"
28157,0.00,5.35,7.62,"MS"
28159,0.00,32.04,27.06,"MS"
28161,0.00,22.66,18.74,"MS"
28163,0.00,16.81,15.10,"MS"
29001,21.51,31.11,38.67,"MO"
29003,13.86,30.42,25.89,"MO"
29005,51.74,31.29,29.73,"MO"
29007,35.57,42.52,52.54,"MO"
29009,36.22,38.14,48.79,"MO"
29011,46.05,26.95,35.66,"MO"
29013,35.55,48.39,42.21,"MO"
29015,31.04,39.16,35.10,"MO"
29017,24.18,31.34,24.21,"MO"
29019,39.69,31.07,30.80,"MO"
29021,72.69,80.79,70.74,"MO"
29023,58.45,57.69,67.49,"MO"
29025,44.33,67.22,77.49,"MO"
29027,35.69,36.38,38.21,"MO"
29029,61.38,46.76,44.07,"MO"
29031,36.82,30.18,30.37,"MO"
29033,41.23,38.37,54.19,"MO"
29035,20.77,23.79,25.57,"MO"
29037,27.23,21.94,22.90,"MO"
29039,46.03,55.21,44.44,"MO"
29041,37.52,31.32,42.89,"MO"
29043,22.48,27.23,26.31,"MO"
29045,59.70,57.78,39.03,"MO"
29047,28.25,21.59,23.54,"MO"
29049,29.53,38.53,42.37,"MO"
29051,34.37,30.27,30.83,"MO"
29053,42.11,49.29,51.75,"MO"
29055,61.11,58.24,67.34,"MO"
29057,37.50,23.81,22.29,"MO"
29059,37.65,37.57,42.10,"MO"
29061,56.31,73.70,66.29,"MO"
29063,3.88,61.90,43.33,"MO"
29065,55.59,41.23,46.63,"MO"
29067,16.12,30.45,45.77,"MO"
29069,82.09,101.60,102.41,"MO"
29071,25.60,24.08,29.00,"MO"
29073,27.85,24.16,20.85,"MO"
29075,25.10,13.27,8.79,"MO"
29077,29.80,36.06,36.70,"MO"
29079,54.46,44.38,72.57,"MO"
29081,32.69,49.22,63.66,"MO"
29083,50.04,77.97,65.83,"MO"
29085,27.37,26.96,31.46,"MO"
29087,64.98,76.57,55.36,"MO"
29089,31.42,30.21,44.30,"MO"
29091,28.18,43.18,33.60,"MO"
29093,38.08,45.44,38.96,"MO"
29095,32.93,15.92,15.35,"MO"
29097,32.70,29.80,28.67,"MO"
29099,16.94,24.86,24.70,"MO"
29101,27.09,27.53,28.88,"MO"
29103,24.40,0.00,0.00,"MO"
29105,48.12,56.40,66.03,"MO"
29107,104.25,87.85,91.47,"MO"
29109,37.41,45.15,43.13,"MO"
29111,20.60,25.63,20.71,"MO"
29113,40.90,26.36,32.44,"MO"
29115,29.38,29.15,53.61,"MO"
29117,44.52,95.49,111.61,"MO"
29119,3.49,34.07,31.14,"MO"
29121,29.59,36.10,37.47,"MO"
29123,28.34,34.68,47.70,"MO"
29125,10.99,28.68,26.63,"MO"
29127,54.16,63.67,59.82,"MO"
29129,40.01,46.08,43.02,"MO"
29131,53.90,59.44,62.05,"MO"
29133,92.50,61.05,35.83,"MO"
29135,37.68,36.83,39.10,"MO"
29137,40.92,26.27,34.46,"MO"
29139,61.02,65.33,36.31,"MO"
29141,50.02,54.37,52.37,"MO"
29143,76.49,74.59,79.90,"MO"
29145,28.35,17.01,19.28,"MO"
29147,29.98,38.74,31.19,"MO"
29149,25.61,20.93,20.16,"MO"
29151,21.67,16.78,12.41,"MO"
29153,27.97,32.46,53.73,"MO"
29155,96.92,89.81,82.72,"MO"
29157,27.37,32.95,35.41,"MO"
29159,47.45,46.68,65.13,"MO"
29161,34.69,47.18,52.62,"MO"
29163,24.76,50.45,52.86,"MO"
29165,20.37,23.16,21.21,"MO"
29167,27.99,36.69,51.20,"MO"
29169,29.55,28.10,34.06,"MO"
29171,42.48,43.09,43.49,"MO"
29173,32.33,42.27,71.18,"MO"
29175,71.28,76.14,70.60,"MO"
29177,67.84,58.62,66.67,"MO"
29179,24.02,27.26,31.99,"MO"
29181,31.98,44.18,49.40,"MO"
29183,18.35,20.59,19.13,"MO"
29185,35.24,26.29,28.55,"MO"
29186,22.23,35.69,40.75,"MO"
29187,35.06,60.88,66.10,"MO"
29189,18.60,17.09,15.36,"MO"
29195,66.03,77.82,95.52,"MO"
29197,0.00,16.06,16.02,"MO"
29199,22.64,50.85,39.07,"MO"
29201,55.84,43.09,45.75,"MO"
29203,15.50,22.93,21.61,"MO"
29205,47.82,37.36,26.20,"MO"
29207,65.97,42.65,56.92,"MO"
29209,33.94,36.36,39.54,"MO"
29211,33.28,52.73,42.12,"MO"
29213,39.69,46.54,46.65,"MO"
29215,32.13,40.57,35.10,"MO"
29217,39.54,37.68,41.90,"MO"
29219,42.24,52.71,52.03,"MO"
29221,39.39,51.32,55.83,"MO"
29223,46.14,37.26,37.17,"MO"
29225,33.08,27.12,28.19,"MO"
29227,0.00,0.00,33.77,"MO"
29229,25.75,59.14,62.87,"MO"
29510,66.50,57.99,52.04,"MO"
33001,0.00,0.00,0.00,"NH"
33003,0.00,0.00,0.00,"NH"
33005,0.00,0.00,0.00,"NH"
33007,0.00,0.00,0.00,"NH"
33009,0.00,0.00,0.00,"NH"
33011,0.00,0.00,0.00,"NH"
33013,0.00,0.00,0.00,"NH"
33015,0.00,0.00,0.00,"NH"
33017,0.00,0.00,0.00,"NH"
33019,0.00,0.00,0.00,"NH"
34001,40.04,29.87,0.00,"NJ"
34003,5.71,3.98,0.00,"NJ"
34005,5.93,6.69,0.00,"NJ"
34007,39.30,24.21,0.00,"NJ"
34009,32.06,26.19,0.00,"NJ"
34011,21.93,14.32,0.00,"NJ"
34013,21.38,13.98,0.00,"NJ"
34015,7.54,7.93,0.00,"NJ"
34017,20.94,10.48,0.00,"NJ"
34019,7.24,7.59,0.00,"NJ"
34021,16.35,14.85,0.00,"NJ"
34023,8.42,11.30,0.00,"NJ"
34025,10.96,7.61,0.00,"NJ"
34027,4.06,2.92,0.00,"NJ"
34029,6.81,5.84,0.00,"NJ"
34031,24.94,11.50,0.00,"NJ"
34033,23.24,15.97,0.00,"NJ"
34035,6.01,4.44,0.00,"NJ"
34037,7.23,6.86,0.00,"NJ"
34039,22.62,14.06,0.00,"NJ"
34041,10.08,8.70,0.00,"NJ"
36001,25.88,24.59,22.81,"NY"
36003,4.94,9.36,7.96,"NY"
36005,19.01,13.38,11.56,"NY"
36007,20.32,18.57,18.39,"NY"
36009,16.05,10.76,11.58,"NY"
36011,10.91,22.81,22.84,"NY"
36013,14.16,13.97,11.81,"NY"
36015,20.14,18.42,17.20,"NY"
36017,8.58,11.71,15.38,"NY"
36019,10.99,25.31,25.60,"NY"
36021,14.20,9.95,12.56,"NY"
36023,18.27,18.31,14.89,"NY"
36025,7.58,10.45,11.81,"NY"
36027,8.37,10.87,11.97,"NY"
36029,11.61,9.59,10.51,"NY"
36031,4.34,10.81,20.68,"NY"
36033,11.61,16.95,17.56,"NY"
36035,14.68,16.51,16.26,"NY"
36037,20.21,20.36,19.95,"NY"
36039,13.28,11.79,14.18,"NY"
36041,0.00,12.61,14.85,"NY"
36043,12.42,16.97,18.04,"NY"
36045,8.89,10.62,12.26,"NY"
36047,11.38,8.20,7.00,"NY"
36049,8.48,8.83,8.45,"NY"
36051,13.21,16.53,16.72,"NY"
36053,5.22,5.79,10.36,"NY"
36055,14.53,14.84,15.24,"NY"
36057,12.00,16.46,19.29,"NY"
36059,5.58,5.40,5.21,"NY"
36061,33.58,23.01,21.90,"NY"
36063,11.74,11.71,12.32,"NY"
36065,15.80,19.20,17.13,"NY"
36067,15.50,16.79,16.13,"NY"
36069,21.88,21.86,26.34,"NY"
36071,18.67,13.42,12.66,"NY"
36073,16.88,19.82,18.34,"NY"
36075,12.81,17.86,17.86,"NY"
36077,8.06,11.52,6.87,"NY"
36079,3.81,5.62,5.33,"NY"
36081,7.94,6.65,6.28,"NY"
36083,17.61,13.15,13.27,"NY"
36085,7.00,5.44,5.94,"NY"
36087,8.79,6.29,5.25,"NY"
36089,8.03,11.69,13.29,"NY"
36091,4.79,7.59,7.38,"NY"
36093,27.77,19.49,18.62,"NY"
36095,8.02,8.48,6.34,"NY"
36097,9.22,11.90,13.53,"NY"
36099,6.50,12.47,14.91,"NY"
36101,17.99,18.80,15.35,"NY"
36103,8.37,7.36,6.27,"NY"
36105,28.26,21.17,24.76,"NY"
36107,11.03,12.16,9.83,"NY"
36109,6.65,8.72,6.97,"NY"
36111,13.46,16.59,15.35,"NY"
36113,17.53,27.46,26.01,"NY"
36115,9.96,22.96,19.24,"NY"
36117,10.30,8.33,7.71,"NY"
36119,6.58,4.68,4.49,"NY"
36121,10.26,13.27,14.57,"NY"
36123,13.84,13.11,12.30,"NY"
37001,20.27,17.65,21.76,"NC"
37003,12.41,10.26,13.37,"NC"
37005,15.39,19.27,19.30,"NC"
37007,18.82,20.00,19.02,"NC"
37009,11.77,13.26,16.59,"NC"
37011,13.52,14.65,23.63,"NC"
37013,23.54,26.78,31.31,"NC"
37015,11.02,9.79,7.46,"NC"
37017,7.72,15.21,16.45,"NC"
37019,10.15,15.27,14.89,"NC"
37021,17.00,16.91,17.28,"NC"
37023,9.16,14.17,16.65,"NC"
37025,14.72,15.51,19.31,"NC"
37027,11.16,8.78,15.34,"NC"
37029,0.00,4.91,0.00,"NC"
37031,12.95,10.95,19.33,"NC"
37033,9.80,9.89,12.13,"NC"
37035,8.87,13.44,16.57,"NC"
37037,6.01,8.69,9.75,"NC"
37039,10.64,12.54,11.79,"NC"
37041,18.27,8.16,11.67,"NC"
37043,0.00,8.48,8.51,"NC"
37045,19.04,29.77,30.39,"NC"
37047,16.45,15.39,20.02,"NC"
37049,12.69,13.59,19.14,"NC"
37051,11.05,14.86,19.67,"NC"
37053,5.86,6.55,6.01,"NC"
37055,19.25,16.61,14.24,"NC"
37057,13.50,16.91,18.04,"NC"
37059,8.22,12.03,10.62,"NC"
37061,11.49,18.29,22.54,"NC"
37063,10.38,12.84,13.35,"NC"
37065,16.59,20.70,29.49,"NC"
37067,13.45,13.50,15.28,"NC"
37069,6.70,10.44,12.09,"NC"
37071,16.31,19.76,22.88,"NC"
37073,11.68,4.28,6.05,"NC"
37075,10.27,10.31,6.94,"NC"
37077,11.86,11.70,11.97,"NC"
37079,19.64,16.50,14.22,"NC"
37081,16.74,18.25,19.37,"NC"
37083,13.09,9.74,16.80,"NC"
37085,12.88,10.55,10.89,"NC"
37087,13.91,17.58,19.51,"NC"
37089,10.13,11.87,15.56,"NC"
37091,17.95,11.87,13.99,"NC"
37093,15.97,16.42,18.02,"NC"
37095,10.40,20.94,8.81,"NC"
37097,13.21,15.12,17.16,"NC"
37099,7.18,9.03,5.37,"NC"
37101,10.56,15.51,17.03,"NC"
37103,9.81,29.35,15.88,"NC"
37105,13.79,14.83,16.43,"NC"
37107,27.50,25.46,27.36,"NC"
37109,11.93,19.89,20.04,"NC"
37111,8.01,9.79,9.34,"NC"
37113,4.43,8.88,8.86,"NC"
37115,22.55,26.51,37.81,"NC"
37117,20.29,44.30,55.85,"NC"
37119,6.67,9.74,10.14,"NC"
37121,17.47,26.11,30.04,"NC"
37123,9.02,12.72,19.71,"NC"
37125,12.64,15.62,22.88,"NC"
37127,14.23,18.19,24.27,"NC"
37129,19.14,21.39,24.36,"NC"
37131,12.47,9.61,7.33,"NC"
37133,9.56,11.53,12.15,"NC"
37135,7.35,6.67,7.98,"NC"
37137,16.77,7.74,15.45,"NC"
37139,14.60,8.80,11.56,"NC"
37141,13.11,13.97,16.89,"NC"
37143,6.68,5.88,9.65,"NC"
37145,14.23,20.89,30.41,"NC"
37147,13.78,16.92,21.27,"NC"
37149,4.42,10.28,11.30,"NC"
37151,7.53,9.76,11.21,"NC"
37153,13.11,21.42,26.68,"NC"
37155,11.60,16.08,18.40,"NC"
37157,17.64,19.37,22.14,"NC"
37159,14.68,24.37,25.90,"NC"
37161,16.02,26.02,27.03,"NC"
37163,15.70,20.75,27.17,"NC"
37165,31.77,24.16,19.96,"NC"
37167,10.74,12.54,13.37,"NC"
37169,13.17,13.09,17.45,"NC"
37171,14.02,14.37,15.35,"NC"
37173,12.13,15.70,18.21,"NC"
37175,8.21,11.85,9.08,"NC"
37177,37.45,0.00,0.00,"NC"
37179,5.84,8.84,9.01,"NC"
37181,24.16,17.66,20.62,"NC"
37183,9.44,15.44,16.32,"NC"
37185,7.21,5.37,11.86,"NC"
37187,22.38,18.80,14.32,"NC"
37189,6.59,12.81,9.51,"NC"
37191,15.40,16.77,16.15,"NC"
37193,13.01,24.78,31.81,"NC"
37195,18.93,13.48,20.39,"NC"
37197,13.87,22.10,26.73,"NC"
37199,9.59,20.50,18.74,"NC"
39001,12.67,47.29,29.51,"OH"
39003,25.21,14.83,15.52,"OH"
39005,10.71,13.18,17.54,"OH"
39007,16.07,16.94,15.83,"OH"
39009,16.97,25.27,30.91,"OH"
39011,25.70,19.84,16.80,"OH"
39013,7.43,8.05,12.09,"OH"
39015,18.16,35.94,34.23,"OH"
39017,24.35,19.22,19.43,"OH"
39019,18.13,9.90,7.45,"OH"
39021,24.09,22.80,20.96,"OH"
39023,36.08,23.83,22.41,"OH"
39025,18.19,19.18,19.70,"OH"
39027,35.94,28.89,29.88,"OH"
39029,11.86,10.67,10.31,"OH"
39031,24.69,18.26,20.54,"OH"
39033,18.69,21.51,23.31,"OH"
39035,44.74,24.96,24.15,"OH"
39037,18.23,7.45,6.51,"OH"
39039,30.58,29.60,33.76,"OH"
39041,10.61,9.67,9.57,"OH"
39043,28.58,31.52,28.09,"OH"
39045,13.46,19.76,17.75,"OH"
39047,40.48,45.14,41.67,"OH"
39049,18.40,13.99,13.67,"OH"
39051,15.26,19.10,17.61,"OH"
39053,16.20,21.24,30.27,"OH"
39055,5.13,3.83,5.51,"OH"
39057,25.65,18.60,19.23,"OH"
39059,17.78,23.98,24.25,"OH"
39061,38.64,23.13,20.84,"OH"
39063,16.88,13.08,11.02,"OH"
39065,17.88,23.92,22.02,"OH"
39067,10.78,9.60,8.36,"OH"
39069,14.20,15.32,16.82,"OH"
39071,24.20,37.24,37.64,"OH"
39073,26.65,29.36,37.25,"OH"
39075,9.34,13.06,9.80,"OH"
39077,15.15,15.96,14.31,"OH"
39079,16.04,15.86,27.18,"OH"
39081,13.20,12.06,13.74,"OH"
39083,10.34,11.33,12.26,"OH"
39085,15.36,13.24,11.78,"OH"
39087,22.95,42.31,35.21,"OH"
39089,19.09,18.99,20.49,"OH"
39091,21.24,14.30,15.16,"OH"
39093,26.32,13.37,13.41,"OH"
39095,23.00,15.96,14.86,"OH"
39097,13.88,15.25,15.94,"OH"
39099,20.08,19.63,16.29,"OH"
39101,49.30,35.05,39.87,"OH"
39103,14.03,10.47,11.13,"OH"
39105,13.95,41.76,24.43,"OH"
39107,11.52,13.51,12.98,"OH"
39109,24.01,21.37,19.35,"OH"
39111,15.02,6.16,26.27,"OH"
39113,28.71,20.08,20.86,"OH"
39115,8.00,10.02,14.15,"OH"
39117,8.02,8.28,11.95,"OH"
39119,34.24,20.89,21.56,"OH"
39121,12.98,14.44,13.92,"OH"
39123,7.98,5.83,8.75,"OH"
39125,28.81,24.49,25.28,"OH"
39127,13.31,23.93,17.31,"OH"
39129,26.63,31.70,32.00,"OH"
39131,8.05,16.20,10.62,"OH"
39133,9.73,13.94,11.49,"OH"
39135,18.31,21.33,13.95,"OH"
39137,15.14,12.32,7.90,"OH"
39139,26.66,30.01,34.69,"OH"
39141,17.09,30.76,31.62,"OH"
39143,21.61,11.46,11.13,"OH"
39145,52.44,39.48,44.01,"OH"
39147,23.77,21.34,23.17,"OH"
39149,24.94,19.14,31.26,"OH"
39151,28.53,20.15,21.24,"OH"
39153,31.11,22.81,21.44,"OH"
39155,13.99,15.98,15.45,"OH"
39157,11.89,5.93,6.79,"OH"
39159,23.35,9.18,10.60,"OH"
39161,23.71,16.14,18.62,"OH"
39163,38.91,19.53,34.76,"OH"
39165,15.93,13.57,9.70,"OH"
39167,20.94,15.31,15.03,"OH"
39169,8.45,6.60,10.47,"OH"
39171,18.61,19.74,18.77,"OH"
39173,12.10,16.25,16.05,"OH"
39175,14.17,16.45,25.05,"OH"
41001,0.00,11.18,11.21,"OR"
41003,7.56,7.10,6.60,"OR"
41005,9.25,9.50,9.22,"OR"
41007,14.80,19.67,19.21,"OR"
41009,11.55,9.74,5.05,"OR"
41011,9.24,12.49,14.09,"OR"
41013,10.53,18.76,8.10,"OR"
41015,12.52,11.21,8.95,"OR"
41017,12.77,10.67,12.79,"OR"
41019,8.48,14.89,12.43,"OR"
41021,26.11,0.00,0.00,"OR"
41023,6.79,9.62,0.00,"OR"
41025,13.67,9.79,12.63,"OR"
41027,7.58,4.40,4.37,"OR"
41029,11.21,10.00,9.51,"OR"
41031,14.91,11.91,19.38,"OR"
41033,11.96,21.50,16.27,"OR"
41035,14.95,18.38,20.47,"OR"
41037,22.89,14.04,11.48,"OR"
41039,15.37,14.48,14.73,"OR"
41041,19.32,17.71,17.24,"OR"
41043,16.23,17.95,18.52,"OR"
41045,18.12,14.69,12.19,"OR"
41047,22.11,20.45,21.25,"OR"
41049,5.35,7.99,8.94,"OR"
41051,15.14,13.48,11.60,"OR"
41053,8.17,7.70,6.67,"OR"
41055,0.00,29.10,0.00,"OR"
41057,8.30,9.08,7.50,"OR"
41059,10.22,13.14,12.39,"OR"
41061,7.38,16.05,10.51,"OR"
41063,7.22,8.82,0.00,"OR"
41065,9.49,11.38,15.68,"OR"
41067,9.08,8.84,9.01,"OR"
41069,0.00,0.00,0.00,"OR"
41071,9.32,8.13,11.10,"OR"
42001,9.66,24.44,21.63,"PA"
42003,10.17,11.10,11.18,"PA"
42005,5.54,10.13,6.20,"PA"
42007,7.16,9.47,8.68,"PA"
42009,8.69,26.87,19.41,"PA"
42011,22.59,20.52,18.20,"PA"
42013,11.03,24.45,19.37,"PA"
42015,14.85,27.42,22.17,"PA"
42017,4.63,9.21,9.48,"PA"
42019,7.26,10.84,7.74,"PA"
42021,9.06,11.16,11.76,"PA"
42023,10.00,12.26,18.73,"PA"
42025,5.22,9.43,11.17,"PA"
42027,3.63,7.16,8.00,"PA"
42029,7.79,8.71,7.94,"PA"
42031,9.57,11.00,14.68,"PA"
42033,22.57,25.37,25.25,"PA"
42035,10.13,16.82,13.08,"PA"
42037,7.31,12.66,9.98,"PA"
42039,10.21,16.13,18.58,"PA"
42041,4.97,8.33,7.18,"PA"
42043,32.04,32.51,29.88,"PA"
42045,11.72,19.83,17.50,"PA"
42047,7.55,5.72,12.82,"PA"
42049,21.85,20.77,20.33,"PA"
42051,23.65,31.90,29.38,"PA"
42053,14.29,0.00,13.30,"PA"
42055,13.88,21.42,18.97,"PA"
42057,23.68,25.18,23.92,"PA"
42059,10.43,17.42,17.70,"PA"
42061,6.98,17.88,10.27,"PA"
42063,8.26,8.61,9.24,"PA"
42065,20.44,48.25,43.68,"PA"
42067,7.28,13.31,6.45,"PA"
42069,18.48,43.73,36.76,"PA"
42071,8.16,14.17,14.23,"PA"
42073,13.28,17.80,15.88,"PA"
42075,17.19,20.93,18.04,"PA"
42077,13.32,19.73,18.44,"PA"
42079,10.72,11.97,13.49,"PA"
42081,24.87,29.81,31.33,"PA"
42083,9.01,24.54,27.26,"PA"
42085,13.53,17.43,12.97,"PA"
42087,8.14,19.06,13.53,"PA"
42089,34.09,51.76,42.03,"PA"
42091,1.42,4.82,3.99,"PA"
42093,9.25,15.65,16.63,"PA"
42095,11.59,15.48,14.67,"PA"
42097,14.08,18.70,14.37,"PA"
42099,8.73,18.85,13.59,"PA"
42101,31.24,30.59,25.37,"PA"
42103,6.12,23.67,19.40,"PA"
42105,3.43,20.01,17.44,"PA"
42107,7.85,15.05,14.34,"PA"
42109,22.66,20.70,21.08,"PA"
42111,14.48,17.34,18.11,"PA"
42113,15.58,20.47,12.62,"PA"
42115,7.45,11.57,8.59,"PA"
42117,6.39,15.54,11.35,"PA"
42119,16.25,17.89,19.83,"PA"
42121,30.77,28.01,23.54,"PA"
42123,14.72,24.67,28.50,"PA"
42125,5.91,12.06,11.72,"PA"
42127,18.00,20.33,15.95,"PA"
42129,6.01,8.47,7.90,"PA"
42131,14.20,39.09,25.59,"PA"
42133,16.84,16.77,16.31,"PA"
44001,0.00,0.00,0.00,"RI"
44003,0.00,0.00,0.00,"RI"
44005,0.00,0.00,0.00,"RI"
44007,0.00,0.00,0.00,"RI"
44009,0.00,0.00,0.00,"RI"
45001,18.63,11.60,11.62,"SC"
45003,14.84,14.61,11.59,"SC"
45005,20.56,19.34,10.31,"SC"
45007,25.41,7.81,10.27,"SC"
45009,13.28,18.13,14.49,"SC"
45011,26.34,19.40,15.48,"SC"
45013,9.19,7.75,6.26,"SC"
45015,11.01,8.56,8.27,"SC"
45017,18.53,10.61,10.08,"SC"
45019,24.56,13.41,12.68,"SC"
45021,26.27,34.98,31.06,"SC"
45023,16.42,11.96,13.92,"SC"
45025,23.68,9.53,9.76,"SC"
45027,28.28,14.32,17.88,"SC"
45029,16.12,15.86,17.21,"SC"
45031,21.65,10.01,7.82,"SC"
45033,26.53,19.84,17.35,"SC"
45035,15.74,7.64,8.55,"SC"
45037,25.84,20.15,13.56,"SC"
45039,25.01,18.58,18.72,"SC"
45041,24.89,26.01,22.55,"SC"
45043,29.03,19.00,16.45,"SC"
45045,21.05,14.23,12.66,"SC"
45047,25.24,18.94,21.00,"SC"
45049,21.59,17.65,13.23,"SC"
45051,18.43,19.10,16.53,"SC"
45053,19.68,13.48,11.04,"SC"
45055,16.31,10.86,16.47,"SC"
45057,16.93,11.43,11.54,"SC"
45059,26.33,18.58,18.34,"SC"
45061,25.94,15.75,14.72,"SC"
45063,19.54,14.47,13.75,"SC"
45065,6.94,25.17,15.23,"SC"
45067,38.23,23.12,21.61,"SC"
45069,32.58,20.72,13.97,"SC"
45071,24.52,13.58,14.29,"SC"
45073,14.11,9.34,12.77,"SC"
45075,19.93,16.42,18.76,"SC"
45077,17.91,12.58,13.79,"SC"
45079,25.92,11.66,12.38,"SC"
45081,27.14,15.92,14.98,"SC"
45083,24.51,26.20,25.65,"SC"
45085,34.93,15.56,16.59,"SC"
45087,40.57,41.10,31.93,"SC"
45089,25.63,16.63,17.13,"SC"
45091,25.25,17.67,15.37,"SC"
47001,14.35,30.86,26.88,"TN"
47003,30.88,27.05,25.52,"TN"
47005,15.86,16.58,17.34,"TN"
47007,7.00,15.23,15.07,"TN"
47009,14.79,25.43,25.65,"TN"
47011,25.18,35.53,26.32,"TN"
47013,33.04,57.97,35.57,"TN"
47015,17.40,29.72,23.99,"TN"
47017,25.94,25.97,15.86,"TN"
47019,20.02,31.40,24.08,"TN"
47021,18.62,15.71,14.59,"TN"
47023,18.66,17.29,23.02,"TN"
47025,9.71,38.93,37.67,"TN"
47027,24.31,29.58,30.91,"TN"
47029,22.19,34.79,25.44,"TN"
47031,36.78,34.51,33.57,"TN"
47033,20.58,22.58,19.77,"TN"
47035,18.73,24.70,29.15,"TN"
47037,40.77,34.00,29.07,"TN"
47039,13.68,16.29,7.71,"TN"
47041,11.66,39.74,35.29,"TN"
47043,19.63,23.51,18.39,"TN"
47045,35.30,48.48,38.49,"TN"
47047,16.88,18.05,19.74,"TN"
47049,45.14,31.25,24.64,"TN"
47051,22.94,35.60,32.37,"TN"
47053,21.34,22.05,19.00,"TN"
47055,22.93,25.36,22.87,"TN"
47057,10.15,34.37,31.05,"TN"
47059,22.86,26.97,25.02,"TN"
47061,22.70,45.30,40.97,"TN"
47063,34.60,47.24,42.99,"TN"
47065,13.23,14.53,15.06,"TN"
47067,56.40,96.07,75.11,"TN"
47069,31.97,38.42,28.89,"TN"
47071,14.61,26.92,20.10,"TN"
47073,21.49,35.19,26.44,"TN"
47075,30.76,35.13,31.89,"TN"
47077,23.27,29.67,37.13,"TN"
47079,28.49,21.45,13.04,"TN"
47081,11.87,21.89,25.43,"TN"
47083,0.00,22.91,19.35,"TN"
47085,20.66,14.25,18.20,"TN"
47087,17.35,19.05,19.88,"TN"
47089,19.51,37.29,32.27,"TN"
47091,17.62,25.59,29.12,"TN"
47093,23.71,26.47,22.85,"TN"
47095,50.17,55.80,24.90,"TN"
47097,31.66,39.53,25.56,"TN"
47099,17.65,28.11,32.41,"TN"
47101,24.07,31.78,25.20,"TN"
47103,17.66,27.38,27.65,"TN"
47105,5.49,15.66,12.21,"TN"
47107,33.25,44.50,39.71,"TN"
47109,18.80,16.82,13.32,"TN"
47111,21.41,30.89,24.78,"TN"
47113,37.35,37.87,35.85,"TN"
47115,17.01,24.69,26.05,"TN"
47117,36.02,29.26,21.11,"TN"
47119,17.84,33.49,22.57,"TN"
47121,9.40,18.03,17.09,"TN"
47123,25.19,37.42,27.41,"TN"
47125,7.15,8.88,7.48,"TN"
47127,23.63,34.85,34.82,"TN"
47129,5.46,6.00,9.70,"TN"
47131,34.85,27.65,17.13,"TN"
47133,21.71,21.33,24.06,"TN"
47135,34.35,26.75,23.01,"TN"
47137,17.66,27.54,0.00,"TN"
47139,28.70,44.41,40.05,"TN"
47141,15.41,26.65,26.83,"TN"
47143,7.79,9.84,11.64,"TN"
47145,6.70,11.70,10.24,"TN"
47147,16.96,23.63,17.77,"TN"
47149,17.59,14.04,14.19,"TN"
47151,22.12,64.52,35.48,"TN"
47153,21.63,30.77,31.96,"TN"
47155,16.76,35.01,30.07,"TN"
47157,30.27,26.25,23.67,"TN"
47159,15.68,35.67,29.99,"TN"
47161,6.76,15.74,12.80,"TN"
47163,33.18,36.06,37.00,"TN"
47165,21.80,20.76,18.47,"TN"
47167,19.58,25.34,19.47,"TN"
47169,28.05,29.46,29.99,"TN"
47171,23.56,19.36,20.60,"TN"
47173,21.38,46.09,27.21,"TN"
47175,26.97,17.98,10.65,"TN"
47177,25.34,32.86,31.27,"TN"
47179,24.46,25.09,18.46,"TN"
47181,36.48,34.82,34.29,"TN"
47183,11.21,20.63,11.06,"TN"
47185,14.24,28.59,34.60,"TN"
47187,12.60,8.80,11.55,"TN"
47189,13.94,16.72,15.63,"TN"
48001,36.73,33.49,37.31,"TX"
48003,30.22,43.43,44.63,"TX"
48005,39.52,44.74,48.43,"TX"
48007,56.71,53.65,62.07,"TX"
48009,13.55,17.14,12.48,"TX"
48011,0.00,0.00,0.00,"TX"
48013,35.00,28.88,27.84,"TX"
48015,16.10,21.52,22.33,"TX"
48017,21.06,38.14,28.94,"TX"
48019,18.99,12.13,22.02,"TX"
48021,24.09,20.37,21.14,"TX"
48023,38.06,16.64,36.19,"TX"
48025,30.98,32.95,30.43,"TX"
48027,31.98,28.38,30.29,"TX"
48029,30.74,31.57,29.56,"TX"
48031,6.63,15.05,10.17,"TX"
48033,0.00,0.00,0.00,"TX"
48035,38.13,25.75,30.93,"TX"
48037,32.53,52.87,47.28,"TX"
48039,18.78,23.41,23.48,"TX"
48041,28.08,27.32,25.96,"TX"
48043,11.90,15.07,10.90,"TX"
48045,0.00,0.00,0.00,"TX"
48047,33.22,27.72,27.80,"TX"
48049,57.72,64.63,64.27,"TX"
48051,62.79,40.79,53.32,"TX"
48053,14.34,29.07,30.71,"TX"
48055,27.04,34.91,34.16,"TX"
48057,20.46,28.92,27.99,"TX"
48059,20.69,19.97,15.54,"TX"
48061,17.90,25.49,25.40,"TX"
48063,33.02,35.42,34.86,"TX"
48065,58.46,63.48,69.85,"TX"
48067,41.85,48.08,46.59,"TX"
48069,26.10,34.95,33.41,"TX"
48071,55.95,29.83,26.22,"TX"
48073,25.36,32.57,38.31,"TX"
48075,36.84,69.38,46.55,"TX"
48077,9.39,19.16,8.68,"TX"
48079,29.34,23.37,0.00,"TX"
48081,36.69,0.00,15.37,"TX"
48083,17.15,52.72,62.87,"TX"
48085,9.79,10.66,11.05,"TX"
48087,42.47,58.31,82.86,"TX"
48089,47.17,39.47,41.51,"TX"
48091,11.33,20.10,18.59,"TX"
48093,33.99,26.49,38.38,"TX"
48095,29.48,17.05,34.57,"TX"
48097,37.16,49.12,56.24,"TX"
48099,16.72,30.73,29.51,"TX"
48101,0.00,0.00,0.00,"TX"
48103,20.07,23.13,20.20,"TX"
48105,52.08,50.37,60.34,"TX"
48107,26.42,8.34,16.95,"TX"
48109,29.85,0.00,0.00,"TX"
48111,36.48,35.48,36.44,"TX"
48113,38.01,34.19,32.30,"TX"
48115,71.16,43.70,47.86,"TX"
48117,64.23,63.58,75.02,"TX"
48119,34.37,30.74,36.27,"TX"
48121,14.03,12.32,12.25,"TX"
48123,45.88,45.85,44.96,"TX"
48125,29.39,0.00,27.05,"TX"
48127,15.58,19.20,27.05,"TX"
48129,46.96,47.49,47.98,"TX"
48131,13.63,33.62,35.55,"TX"
48133,48.20,82.18,96.28,"TX"
48135,32.71,44.14,47.89,"TX"
48137,0.00,0.00,26.61,"TX"
48139,31.44,30.67,28.62,"TX"
48141,14.91,14.34,14.24,"TX"
48143,34.59,25.75,23.91,"TX"
48145,37.81,36.43,38.85,"TX"
48147,45.83,51.12,53.33,"TX"
48149,25.14,27.44,37.45,"TX"
48151,35.68,36.48,23.49,"TX"
48153,54.94,30.45,26.90,"TX"
48155,0.00,55.12,39.22,"TX"
48157,8.74,9.04,7.51,"TX"
48159,50.89,36.75,33.96,"TX"
48161,57.99,45.34,36.94,"TX"
48163,27.39,26.41,29.14,"TX"
48165,26.08,20.56,13.90,"TX"
48167,33.94,24.82,26.03,"TX"
48169,29.89,42.15,32.63,"TX"
48171,16.00,9.87,9.80,"TX"
48173,0.00,48.19,0.00,"TX"
48175,23.35,48.20,39.74,"TX"
48177,35.14,43.52,49.36,"TX"
48179,35.12,51.90,55.11,"TX"
48181,52.19,47.24,58.45,"TX"
48183,62.25,50.90,55.36,"TX"
48185,27.75,29.39,24.66,"TX"
48187,21.99,20.88,20.78,"TX"
48189,47.03,42.45,38.02,"TX"
48191,39.27,49.60,66.73,"TX"
48193,23.78,36.31,28.05,"TX"
48195,12.58,0.00,19.97,"TX"
48197,39.15,44.93,38.19,"TX"
48199,13.10,20.93,20.68,"TX"
48201,40.25,32.74,30.85,"TX"
48203,41.07,28.88,36.98,"TX"
48205,11.52,11.53,11.50,"TX"
48207,37.38,67.98,72.80,"TX"
48209,17.79,17.91,17.02,"TX"
48211,17.68,16.91,28.71,"TX"
48213,45.91,44.77,49.19,"TX"
48215,25.88,23.54,24.41,"TX"
48217,49.93,82.91,71.17,"TX"
48219,35.91,25.09,19.09,"TX"
48221,40.00,48.21,44.14,"TX"
48223,64.60,59.72,67.65,"TX"
48225,40.66,42.09,51.01,"TX"
48227,46.75,31.42,33.56,"TX"
48229,58.93,24.20,15.57,"TX"
48231,30.42,37.81,36.39,"TX"
48233,25.93,16.49,27.56,"TX"
48235,0.00,43.51,0.00,"TX"
48237,11.10,20.20,28.23,"TX"
48239,69.01,69.83,73.95,"TX"
48241,22.07,31.13,33.19,"TX"
48243,0.00,0.00,22.69,"TX"
48245,46.56,41.26,42.06,"TX"
48247,13.28,57.30,34.25,"TX"
48249,15.28,10.80,12.09,"TX"
48251,42.39,52.08,56.02,"TX"
48253,32.37,29.90,29.59,"TX"
48255,26.15,23.68,26.83,"TX"
48257,22.90,23.50,24.90,"TX"
48259,7.15,7.21,11.32,"TX"
48261,95.42,192.77,225.00,"TX"
48263,0.00,0.00,0.00,"TX"
48265,40.04,50.27,53.40,"TX"
48267,28.47,31.38,51.83,"TX"
48269,0.00,0.00,0.00,"TX"
48271,22.29,0.00,28.36,"TX"
48273,59.28,58.79,52.50,"TX"
48275,16.08,26.48,38.88,"TX"
48277,68.94,60.02,63.20,"TX"
48279,28.73,23.26,24.31,"TX"
48281,36.62,33.20,26.79,"TX"
48283,30.34,39.04,26.76,"TX"
48285,26.87,19.44,17.75,"TX"
48287,40.96,56.07,44.80,"TX"
48289,35.11,13.18,23.13,"TX"
48291,29.47,46.86,56.33,"TX"
48293,53.81,52.94,59.94,"TX"
48295,23.68,0.00,0.00,"TX"
48297,35.34,46.34,54.59,"TX"
48299,19.77,24.22,34.34,"TX"
48301,0.00,0.00,0.00,"TX"
48303,42.74,34.44,35.55,"TX"
48305,59.92,36.79,31.19,"TX"
48307,33.73,35.10,45.13,"TX"
48309,50.19,50.41,48.10,"TX"
48311,0.00,0.00,0.00,"TX"
48313,43.10,34.73,26.69,"TX"
48315,49.81,33.21,48.28,"TX"
48317,24.21,15.12,16.48,"TX"
48319,14.87,0.00,0.00,"TX"
48321,41.49,35.31,39.98,"TX"
48323,8.75,14.51,13.85,"TX"
48325,19.13,21.11,16.08,"TX"
48327,0.00,32.66,32.60,"TX"
48329,37.53,41.79,43.77,"TX"
48331,42.85,46.30,46.17,"TX"
48333,12.27,36.84,22.59,"TX"
48335,27.69,36.67,46.28,"TX"
48337,32.54,25.73,26.78,"TX"
48339,19.42,24.79,25.22,"TX"
48341,31.32,28.80,27.09,"TX"
48343,52.06,29.73,36.10,"TX"
48345,0.00,0.00,0.00,"TX"
48347,51.78,42.95,49.31,"TX"
48349,49.91,52.15,58.30,"TX"
48351,43.24,21.11,26.17,"TX"
48353,47.06,45.10,46.38,"TX"
48355,40.70,48.02,45.87,"TX"
48357,52.55,13.97,24.17,"TX"
48359,0.00,90.48,53.14,"TX"
48361,55.60,52.06,51.06,"TX"
48363,45.69,54.08,59.08,"TX"
48365,29.74,24.34,25.24,"TX"
48367,27.35,37.35,38.40,"TX"
48369,25.59,24.07,13.12,"TX"
48371,27.58,30.53,31.46,"TX"
48373,44.28,56.03,57.29,"TX"
48375,74.39,72.86,76.55,"TX"
48377,7.92,0.00,0.00,"TX"
48379,47.32,42.67,21.75,"TX"
48381,25.60,31.27,31.66,"TX"
48383,26.16,13.79,18.64,"TX"
48385,44.80,30.04,20.77,"TX"
48387,41.70,48.78,62.67,"TX"
48389,34.85,41.91,62.72,"TX"
48391,66.88,77.05,52.04,"TX"
48393,0.00,0.00,0.00,"TX"
48395,34.99,34.63,38.18,"TX"
48397,29.13,33.06,31.20,"TX"
48399,60.35,42.71,43.20,"TX"
48401,20.93,22.60,27.45,"TX"
48403,18.86,28.88,31.88,"TX"
48405,6.78,36.61,33.68,"TX"
48407,25.50,22.38,35.06,"TX"
48409,32.82,37.88,37.21,"TX"
48411,31.40,22.76,33.80,"TX"
48413,18.09,34.41,22.14,"TX"
48415,48.78,23.74,46.17,"TX"
48417,20.82,17.78,23.93,"TX"
48419,26.87,19.72,13.72,"TX"
48421,16.40,0.00,0.00,"TX"
48423,50.51,50.03,50.13,"TX"
48425,39.83,26.67,47.16,"TX"
48427,10.92,19.23,20.49,"TX"
48429,24.23,48.13,39.34,"TX"
48431,36.82,65.04,37.34,"TX"
48433,0.00,0.00,57.02,"TX"
48435,34.50,44.99,55.39,"TX"
48437,33.30,30.92,31.66,"TX"
48439,29.38,31.68,31.24,"TX"
48441,47.52,51.62,48.47,"TX"
48443,59.74,0.00,0.00,"TX"
48445,70.39,36.89,51.81,"TX"
48447,30.81,0.00,43.53,"TX"
48449,22.25,44.40,39.07,"TX"
48451,51.62,55.93,61.32,"TX"
48453,31.65,22.23,21.07,"TX"
48455,53.94,44.44,54.13,"TX"
48457,27.75,31.70,22.41,"TX"
48459,22.96,31.67,31.97,"TX"
48461,0.00,17.87,17.37,"TX"
48463,19.94,21.55,17.70,"TX"
48465,16.21,16.71,14.91,"TX"
48467,25.14,22.68,33.26,"TX"
48469,31.68,53.82,49.19,"TX"
48471,23.34,16.70,19.20,"TX"
48473,17.79,21.77,17.51,"TX"
48475,24.92,46.24,57.63,"TX"
48477,40.16,28.97,35.14,"TX"
48479,9.14,9.97,8.40,"TX"
48481,33.99,28.15,23.80,"TX"
48483,36.19,48.78,45.50,"TX"
48485,33.72,39.29,44.20,"TX"
48487,46.37,62.34,57.04,"TX"
48489,22.23,37.35,38.81,"TX"
48491,18.64,13.11,11.98,"TX"
48493,20.80,23.55,24.78,"TX"
48495,53.72,24.92,49.87,"TX"
48497,19.37,25.57,27.58,"TX"
48499,36.35,28.19,28.24,"TX"
48501,21.26,31.86,30.17,"TX"
48503,28.27,33.23,37.60,"TX"
48505,8.47,13.23,16.06,"TX"
48507,16.04,17.20,17.12,"TX"
50001,0.00,0.00,0.00,"VT"
50003,0.00,0.00,0.00,"VT"
50005,0.00,0.00,0.00,"VT"
50007,0.00,0.00,0.00,"VT"
50009,0.00,0.00,0.00,"VT"
50011,0.00,0.00,0.00,"VT"
50013,0.00,0.00,0.00,"VT"
50015,0.00,0.00,0.00,"VT"
50017,0.00,0.00,0.00,"VT"
50019,0.00,0.00,0.00,"VT"
50021,0.00,0.00,0.00,"VT"
50023,0.00,0.00,0.00,"VT"
50025,0.00,0.00,0.00,"VT"
50027,0.00,0.00,0.00,"VT"
51001,17.72,14.54,0.00,"VA"
51003,9.14,6.50,0.00,"VA"
51005,32.64,21.71,0.00,"VA"
51007,16.52,12.57,0.00,"VA"
51009,15.82,16.77,0.00,"VA"
51011,21.92,21.01,0.00,"VA"
51013,17.08,8.76,0.00,"VA"
51015,11.53,12.46,0.00,"VA"
51017,0.00,0.00,0.00,"VA"
51019,8.10,6.47,0.00,"VA"
51021,11.77,19.42,0.00,"VA"
51023,20.26,19.38,0.00,"VA"
51025,37.75,39.62,0.00,"VA"
51027,20.90,34.39,0.00,"VA"
51029,11.09,12.85,0.00,"VA"
51031,17.83,17.14,0.00,"VA"
51033,7.65,16.39,0.00,"VA"
51035,14.68,14.41,0.00,"VA"
51036,27.76,16.89,0.00,"VA"
51037,9.62,9.75,0.00,"VA"
51041,13.64,10.28,0.00,"VA"
51043,11.98,4.88,0.00,"VA"
51045,0.00,0.00,0.00,"VA"
51047,13.52,10.72,0.00,"VA"
51049,20.11,10.16,0.00,"VA"
51051,16.51,33.01,0.00,"VA"
51053,21.09,12.89,0.00,"VA"
51057,20.57,20.54,0.00,"VA"
51059,4.50,3.43,0.00,"VA"
51061,17.72,15.02,0.00,"VA"
51063,9.76,33.49,0.00,"VA"
51065,10.05,7.33,0.00,"VA"
51067,18.33,19.15,0.00,"VA"
51069,7.30,13.17,0.00,"VA"
51071,15.78,33.65,0.00,"VA"
51073,13.02,15.20,0.00,"VA"
51075,11.13,4.16,0.00,"VA"
51077,18.86,21.74,0.00,"VA"
51079,15.61,14.86,0.00,"VA"
51081,46.37,56.97,0.00,"VA"
51083,16.14,13.85,0.00,"VA"
51085,19.34,9.49,0.00,"VA"
51087,16.83,11.66,0.00,"VA"
51089,21.14,19.80,0.00,"VA"
51091,0.00,0.00,0.00,"VA"
51093,12.72,10.94,0.00,"VA"
51095,0.00,0.00,0.00,"VA"
51097,29.91,9.83,0.00,"VA"
51099,17.80,12.83,0.00,"VA"
51101,16.92,9.32,0.00,"VA"
51103,16.81,12.58,0.00,"VA"
51105,27.45,40.87,0.00,"VA"
51107,3.49,4.67,0.00,"VA"
51109,15.58,14.12,0.00,"VA"
51111,25.86,12.80,0.00,"VA"
51113,6.79,11.37,0.00,"VA"
51115,12.30,13.45,0.00,"VA"
51117,20.14,30.32,0.00,"VA"
51119,7.37,15.80,0.00,"VA"
51121,7.80,15.20,0.00,"VA"
51125,8.70,16.90,0.00,"VA"
51127,14.37,14.89,0.00,"VA"
51131,29.18,23.17,0.00,"VA"
51133,20.27,11.45,0.00,"VA"
51135,21.43,15.29,0.00,"VA"
51137,7.96,8.95,0.00,"VA"
51139,22.52,26.08,0.00,"VA"
51141,13.55,26.21,0.00,"VA"
51143,22.20,14.07,0.00,"VA"
51145,9.61,9.56,0.00,"VA"
51147,31.51,25.42,0.00,"VA"
51149,15.91,15.55,0.00,"VA"
51153,9.12,7.88,0.00,"VA"
51155,32.21,38.54,0.00,"VA"
51157,14.77,10.73,0.00,"VA"
51159,22.98,11.17,0.00,"VA"
51161,10.23,10.57,0.00,"VA"
51163,21.48,25.97,0.00,"VA"
51165,19.25,23.68,0.00,"VA"
51167,21.64,36.43,0.00,"VA"
51169,16.56,26.51,0.00,"VA"
51171,10.65,10.06,0.00,"VA"
51173,12.20,23.63,0.00,"VA"
51175,39.04,56.09,0.00,"VA"
51177,9.97,10.96,0.00,"VA"
51179,19.79,18.32,0.00,"VA"
51181,10.11,0.00,0.00,"VA"
51183,21.65,27.10,0.00,"VA"
51185,39.85,50.79,0.00,"VA"
51187,14.27,15.80,0.00,"VA"
51191,18.06,14.43,0.00,"VA"
51193,10.84,23.92,0.00,"VA"
51195,23.08,39.64,0.00,"VA"
51197,16.40,28.97,0.00,"VA"
51199,19.01,8.49,0.00,"VA"
51510,10.86,5.49,0.00,"VA"
51515,0.00,0.00,0.00,"VA"
51520,64.36,67.10,0.00,"VA"
51530,13.43,17.98,0.00,"VA"
51540,27.03,20.40,0.00,"VA"
51550,25.84,24.65,0.00,"VA"
51570,30.89,32.75,0.00,"VA"
51580,0.00,0.00,0.00,"VA"
51590,37.45,48.16,0.00,"VA"
51595,0.00,0.00,0.00,"VA"
51600,0.00,0.00,0.00,"VA"
51610,0.00,0.00,0.00,"VA"
51620,0.00,0.00,0.00,"VA"
51630,60.55,62.45,0.00,"VA"
51640,0.00,0.00,0.00,"VA"
51650,29.28,14.53,0.00,"VA"
51660,0.00,0.00,0.00,"VA"
51670,29.43,28.37,0.00,"VA"
51678,0.00,0.00,0.00,"VA"
51680,27.59,20.45,0.00,"VA"
51683,0.00,0.00,0.00,"VA"
51685,0.00,0.00,0.00,"VA"
51690,77.49,50.92,0.00,"VA"
51700,26.35,16.76,0.00,"VA"
51710,49.82,27.50,0.00,"VA"
51720,0.00,0.00,0.00,"VA"
51730,48.88,30.07,0.00,"VA"
51735,0.00,0.00,0.00,"VA"
51740,53.60,31.71,0.00,"VA"
51750,22.15,28.36,0.00,"VA"
51760,24.82,28.55,0.00,"VA"
51770,29.17,19.43,0.00,"VA"
51775,20.84,16.22,0.00,"VA"
51790,28.76,25.08,0.00,"VA"
51800,26.52,20.06,0.00,"VA"
51810,16.74,12.80,0.00,"VA"
51820,44.55,23.06,0.00,"VA"
51830,81.62,82.06,0.00,"VA"
51840,33.10,23.64,0.00,"VA"
53001,9.57,11.53,11.47,"WA"
53003,23.39,20.36,20.28,"WA"
53005,14.86,13.50,14.16,"WA"
53007,19.17,12.43,14.21,"WA"
53009,12.13,10.52,9.90,"WA"
53011,13.29,13.85,12.31,"WA"
53013,0.00,24.78,15.06,"WA"
53015,34.67,32.05,30.84,"WA"
53017,5.93,9.63,7.54,"WA"
53019,10.49,6.52,15.65,"WA"
53021,11.85,11.31,12.64,"WA"
53023,0.00,22.24,22.57,"WA"
53025,9.42,14.12,18.25,"WA"
53027,20.67,19.72,21.75,"WA"
53029,5.20,5.34,6.05,"WA"
53031,5.35,6.32,6.95,"WA"
53033,8.66,6.49,5.59,"WA"
53035,15.24,15.68,14.24,"WA"
53037,9.45,12.69,11.05,"WA"
53039,11.20,9.12,13.42,"WA"
53041,24.79,29.69,26.75,"WA"
53043,5.72,14.59,12.68,"WA"
53045,17.31,20.82,17.79,"WA"
53047,11.67,19.69,24.22,"WA"
53049,26.95,37.19,21.89,"WA"
53051,4.63,13.93,14.63,"WA"
53053,16.05,15.20,12.99,"WA"
53055,0.00,0.00,4.37,"WA"
53057,13.77,18.95,15.62,"WA"
53059,18.87,16.88,14.99,"WA"
53061,7.47,7.77,8.06,"WA"
53063,14.29,11.02,11.67,"WA"
53065,5.06,8.75,7.33,"WA"
53067,12.93,12.11,11.10,"WA"
53069,0.00,0.00,0.00,"WA"
53071,11.17,10.73,10.53,"WA"
53073,13.48,13.48,13.58,"WA"
53075,1.76,1.50,3.20,"WA"
53077,12.14,17.59,18.05,"WA"
54001,16.21,12.50,10.74,"WV"
54003,11.44,13.16,12.13,"WV"
54005,12.24,27.40,20.66,"WV"
54007,25.48,31.15,31.81,"WV"
54009,15.46,17.30,20.82,"WV"
54011,15.53,20.07,24.20,"WV"
54013,6.58,9.29,22.63,"WV"
54015,24.59,27.17,30.20,"WV"
54017,12.18,14.26,15.49,"WV"
54019,13.51,25.90,30.80,"WV"
54021,6.91,25.43,23.21,"WV"
54023,20.22,12.72,15.40,"WV"
54025,23.88,21.26,24.26,"WV"
54027,12.63,15.34,24.27,"WV"
54029,24.25,18.53,17.27,"WV"
54031,10.77,22.19,20.11,"WV"
54033,16.07,21.76,21.81,"WV"
54035,15.74,27.75,23.35,"WV"
54037,4.25,7.46,9.87,"WV"
54039,12.79,20.53,18.77,"WV"
54041,14.01,18.84,37.16,"WV"
54043,10.62,13.01,16.70,"WV"
54045,27.17,28.35,22.92,"WV"
54047,24.02,15.32,22.99,"WV"
54049,14.47,15.68,12.15,"WV"
54051,10.35,10.74,11.11,"WV"
54053,18.33,21.00,20.36,"WV"
54055,34.85,34.40,39.98,"WV"
54057,8.21,10.83,11.97,"WV"
54059,23.43,35.46,16.72,"WV"
54061,9.54,12.62,11.98,"WV"
54063,3.70,31.11,26.51,"WV"
54065,22.85,23.53,26.93,"WV"
54067,24.84,23.86,21.68,"WV"
54069,25.59,23.10,19.16,"WV"
54071,23.67,16.12,20.35,"WV"
54073,6.58,7.90,7.86,"WV"
54075,28.66,8.07,5.77,"WV"
54077,10.69,10.68,9.47,"WV"
54079,12.31,16.08,14.09,"WV"
54081,12.66,17.55,14.19,"WV"
54083,11.91,16.57,16.99,"WV"
54085,9.71,6.95,7.99,"WV"
54087,19.59,34.12,28.64,"WV"
54089,13.77,42.86,23.85,"WV"
54091,17.15,27.66,18.16,"WV"
54093,12.75,0.00,0.00,"WV"
54095,16.45,23.34,13.19,"WV"
54097,14.77,22.30,30.33,"WV"
54099,12.14,21.19,26.75,"WV"
54101,29.76,61.93,71.32,"WV"
54103,13.99,25.32,14.39,"WV"
54105,8.63,10.21,11.98,"WV"
54107,13.25,15.97,16.58,"WV"
54109,8.52,10.45,13.72,"WV"
55001,18.80,20.00,17.31,"WI"
55003,24.89,19.30,20.49,"WI"
55005,12.22,10.96,14.30,"WI"
55007,8.63,0.00,9.34,"WI"
55009,18.72,19.35,20.57,"WI"
55011,6.68,11.25,8.34,"WI"
55013,16.83,8.49,12.40,"WI"
55015,7.71,9.47,9.09,"WI"
55017,9.89,8.54,6.93,"WI"
55019,6.06,9.55,10.17,"WI"
55021,20.48,16.60,18.19,"WI"
55023,12.67,8.52,10.98,"WI"
55025,16.12,11.39,11.29,"WI"
55027,12.19,13.24,14.11,"WI"
55029,11.14,8.61,16.21,"WI"
55031,10.68,13.24,14.87,"WI"
55033,6.15,6.33,4.51,"WI"
55035,12.03,8.65,8.86,"WI"
55037,24.57,19.92,0.00,"WI"
55039,14.66,15.15,14.64,"WI"
55041,21.61,21.91,26.30,"WI"
55043,8.22,7.24,7.91,"WI"
55045,8.13,7.55,8.36,"WI"
55047,20.48,25.83,13.27,"WI"
55049,2.95,6.74,5.46,"WI"
55051,0.00,0.00,0.00,"WI"
55053,12.19,11.17,9.68,"WI"
55055,11.19,11.94,13.15,"WI"
55057,18.00,12.43,14.78,"WI"
55059,34.52,22.21,25.23,"WI"
55061,7.29,2.93,3.91,"WI"
55063,15.42,12.61,13.13,"WI"
55065,5.94,5.37,3.56,"WI"
55067,21.17,21.97,22.15,"WI"
55069,16.06,22.32,17.90,"WI"
55071,12.70,10.54,9.23,"WI"
55073,14.35,16.70,17.16,"WI"
55075,20.90,32.53,25.42,"WI"
55077,8.49,8.58,7.97,"WI"
55078,0.00,0.00,0.00,"WI"
55079,42.00,26.43,26.42,"WI"
55081,9.34,14.14,13.66,"WI"
55083,11.19,15.80,20.85,"WI"
55085,15.33,8.40,9.56,"WI"
55087,12.02,11.04,11.15,"WI"
55089,6.69,8.27,14.75,"WI"
55091,0.00,0.00,9.54,"WI"
55093,8.32,3.19,2.69,"WI"
55095,3.42,9.21,8.06,"WI"
55097,9.55,10.06,9.51,"WI"
55099,8.56,4.36,9.51,"WI"
55101,32.92,27.19,24.39,"WI"
55103,11.72,10.12,10.76,"WI"
55105,19.96,18.12,16.75,"WI"
55107,6.86,5.57,7.67,"WI"
55109,6.48,3.03,3.46,"WI"
55111,9.30,7.29,11.04,"WI"
55113,8.46,24.22,18.86,"WI"
55115,20.35,12.98,14.67,"WI"
55117,7.81,11.06,12.40,"WI"
55119,6.79,8.75,4.38,"WI"
55121,6.19,7.44,5.76,"WI"
55123,7.67,3.96,2.63,"WI"
55125,8.41,10.30,15.42,"WI"
55127,13.94,16.98,15.65,"WI"
55129,6.31,12.12,5.10,"WI"
55131,9.53,13.11,12.76,"WI"
55133,9.07,9.90,10.35,"WI"
55135,8.22,4.41,4.80,"WI"
55137,7.35,12.33,9.93,"WI"
55139,9.89,9.51,10.62,"WI"
55141,6.98,5.95,6.25,"WI"
