"county","jail_2014","jail_1970","jail_1980","jail_1990","jail_2000"
1001,455.36,0,170.46,175.99,382.46
1003,570.08,194.05,219.46,163.48,425.91
1005,620.46,52.99,281.63,175.44,442.55
1007,456.17,0,185.98,269.67,331.19
1009,363.18,150.13,139.6,136.81,268.63
1011,447.3,157.93,256.16,253.24,370.57
1013,581.26,94.98,225.69,230.69,322.98
1015,70.13,104.44,152.37,339.85,437.68
1017,670.81,72.93,237.72,444.39,560.88
1019,737.37,50.93,194.4,198.8,249.81
1021,600.22,112.34,257.97,234.73,648.21
1023,320.86,159.78,339.29,218.1,335.03
1025,1254.7,0,213.74,186.6,340.43
1027,919.46,41.17,255.18,173.85,565.47
1029,772.16,238.56,206.8,136.64,364.09
1031,382.42,36.91,155.83,265.06,332.35
1033,309.15,59.12,123.6,120.88,208.29
1035,448.21,197.08,167.67,242.11,536.84
1037,522.7,111.45,201.82,575.52,663.9
1039,897.95,97.22,233.12,226.33,518.16
1041,565.61,180.69,211.48,150.54,232.42
1043,598.25,95.02,188.32,31.71,35.51
1045,184.29,41.84,166.26,75,132.08
1047,697.66,228,327.13,355.08,625.46
1049,28.7,65.73,132.16,140.22,228.34
1051,402.01,170.09,97.48,129.25,373.73
1053,711,75.57,201.55,250.29,366.62
1055,697.3,33.81,132.21,76.55,533.02
1057,653.47,204.27,183.66,251.27,365.23
1059,342.99,80.88,201.14,244.73,356.57
1061,409.84,82.58,168.04,273.1,235.89
1063,108.03,72.23,341.32,284.49,476.82
1065,401.65,192.56,333.15,180.64,293.07
1067,426.04,74.46,194.76,183.64,215.81
1069,632.42,174.76,242.99,449.58,465.02
1071,65.58,118.8,96.57,124.87,265.03
1073,269.86,231.89,213.29,238.28,324.37
1075,774.05,114.97,232.77,287.34,360.64
1077,385.46,77.65,97.88,108.38,329
1079,477.66,130.82,207.11,184.91,342.18
1081,358.79,87.59,142.02,204.9,222.41
1083,368.48,91.81,197.51,232.99,351.58
1085,888.69,15.14,262.67,297.35,832.65
1087,73.49,51.98,119.35,260.97,234.29
1089,389.73,113.92,192.48,363.04,389.19
1091,480.16,207.82,304.37,381.9,408.19
1093,521.13,156.03,147.06,190.08,404.81
1095,156.53,125,157.66,123.5,289.81
1097,540.11,160.98,225.36,198.25,387.05
1099,276.75,94.11,214.54,223.37,294.16
1101,356.3,166.67,153.34,316.66,392.1
1103,721.4,132.27,144.82,181.27,321.29
1105,203.73,93.95,242.2,166.35,381.63
1107,1476.76,69.54,356.31,299.32,595.05
1109,351.8,116,211.88,226.61,327.53
1111,425.77,92,82.12,251.36,63.55
1113,833.73,195.12,336.92,349.08,895.68
1115,395.74,64.94,154.73,157.79,342.92
1117,273.76,174.36,117.01,125,206.96
1119,364.12,202.04,408.66,327.9,285.63
1121,507.46,92.63,215.98,124.63,394
1123,659.38,112.21,174.15,226.63,432.87
1125,444.52,103.42,89.54,136.2,492.41
1127,647.3,81.34,118.65,179.33,389.81
1129,547.45,208.13,297.56,190.11,421.59
1131,712.62,141.19,200.07,351.88,480.61
1133,588.74,162.65,148.42,185.77,432.7
5001,706.33,29.35,75.54,130.55,448.73
5003,838.51,75.73,61.93,137.22,244.88
5005,439.02,33.74,68.34,145.48,143.65
5007,270.53,49.47,49.34,69.49,204.68
5009,401.03,71.51,54.68,142.49,144.33
5011,196.64,0,66.56,146.62,198.24
5013,580.38,61.75,91.47,157.44,609.53
5015,377.18,27.97,38.23,132.61,194.71
5017,128.57,52.36,130.5,171.23,221.64
5019,328.93,21.32,50.97,161.95,247.68
5021,755.98,0,62.87,239.29,270.59
5023,527.98,47.66,58.38,162,224.92
5025,75.5,0,0,112.77,98.92
5027,462.24,76.39,70.46,158.74,219.74
5029,406.23,0,68.77,73.33,354.09
5031,375.29,127.5,51.98,199.2,271.93
5033,221.36,117.56,53.54,144.14,195.5
5035,614.16,214.51,215.69,375.48,574.04
5037,519.55,72.04,245.52,389.07,371.36
5039,1021.66,85.59,74.47,189.95,563.58
5041,311.12,77.68,120.02,105.33,86.86
5043,195.97,0,51.64,81.45,319.55
5045,249.54,14.63,17.97,138.82,308.37
5047,328.48,76.23,75.46,170.04,169.5
5049,195.61,0,0,33.03,83.54
5051,336.61,125.96,118.32,188.2,300.65
5053,325.76,67.59,41.28,48.07,316.68
5055,582.08,59.84,78.59,67.74,391.75
5057,757.41,45.02,90.28,122.22,358.47
5059,43.49,14.77,20.21,92.23,20.62
5061,562,134.69,55.65,34.19,227.52
5063,433.2,35.8,43.05,105.57,391.5
5065,559.08,0,35.8,61.8,101.51
5067,578.97,72.18,135.3,188.53,265.54
5069,669.84,75.62,72.58,124.05,195.56
5071,334.06,62,41.54,97.94,189.93
5073,554.32,89.8,34.44,189.84,429.37
5075,191.54,91.54,56.94,187.71,233.64
5077,208.77,92.05,243.23,161.75,429.87
5079,124.69,13.22,20.72,74.11,161.11
5081,311.57,30.65,42.98,70.25,175.62
5083,173.66,165.34,18.18,31.71,98.75
5085,4.26,6.61,63.43,103.41,174.42
5087,119.65,0,0,69.67,44.04
5089,30.55,24.1,60.72,103.41,33.13
5091,888.46,30.09,154.59,244.5,394.14
5093,588.76,258.5,311.79,312.82,410.58
5095,169.56,116.99,176.82,407.66,455.57
5097,145.83,90.61,46.62,120.21,201.15
5099,183.62,17.46,53.21,272.79,313.66
5101,54.57,0,41.55,113.42,96.83
5103,857.58,27.02,73.79,152.61,244.26
5105,605.79,0,62.85,224.54,364.85
5107,482.36,117.03,246.25,342.83,414.38
5109,340.76,0,47.63,199.38,157.23
5111,549.81,43.9,130.49,120.29,509.96
5113,345.79,0,43.58,131.22,197.17
5115,389.81,5.49,87.72,145.78,241.72
5117,431.71,33.12,91.99,176.67,315.63
5119,437.25,169.64,126.09,98.21,414.12
5121,310.96,0,17.52,126.67,191.08
5123,352.38,136.39,199.42,424.42,601.84
5125,252.53,17.33,39.64,56.35,98.78
5127,2995.26,0,0,107.12,74.43
5129,291,44.04,98.36,186.4,193.09
5131,436.2,202.02,139.81,142.2,323.3
5133,378.19,15.14,42.29,89.16,176.54
5135,364.78,62.68,81.54,76.46,77.82
5137,232.11,0,0,51.92,261.2
5139,616.19,141.15,139.77,225.87,586.61
5141,337.17,0,83.79,161.88,386.23
5143,354.34,37.72,49.57,125.28,215.36
5145,473.14,77.85,97.23,137.08,248.58
5147,457.98,187.06,135.72,150.81,271.91
5149,175.16,35.35,67.75,81.94,170.6
11001,433.33,647.21,421.14,372.83,360.03
12001,458.58,171.11,126.27,406.43,497.17
12003,189.1,70.39,107.2,198.75,196.31
12005,736.73,225.14,223.34,552.04,744.37
12007,760.91,129.34,95.26,215.85,529.03
12009,412.33,55.91,98.34,302.62,388.29
12011,353.86,198.58,154.04,394.18,459.23
12013,572.74,201.52,143.16,215.36,383.67
12015,727.75,186.35,112.99,182.31,269.96
12017,511.34,140.53,157.24,226.08,432.79
12019,327.46,84.41,85.12,147.12,251.84
12021,428.42,664.25,256.39,470.29,437
12023,465.29,190.64,205.73,547.3,787.19
12027,721.4,549.24,297.28,514.44,594.68
12029,692.49,122.93,324.95,204.68,829.8
12031,552.2,274.56,272.97,452.55,503.25
12033,753.89,255.01,236.78,582.82,659.57
12035,226.3,674.07,251.84,271.68,292.4
12037,858.2,203.82,139.33,344.7,1315.59
12039,673.4,170.44,228.16,365.29,505.66
12041,347.7,326.49,56.66,279,276.24
12043,1934.67,964.63,281.91,240.75,439.06
12045,350.88,65.23,175.46,451.46,349.06
12047,470.91,550.21,300.49,839.79,603.81
12049,561.15,340.99,323.71,624.04,620.59
12051,699.53,422,193.39,611.84,622.14
12053,432.73,693.73,150.11,296.68,325.21
12055,784.4,377.1,196.22,393.01,644.75
12057,315.27,153.73,254.23,346.79,475.52
12059,628.68,15.48,87.33,149.28,284.37
12061,552.55,277.49,164.36,496.93,603.86
12063,588.14,236.14,148.72,332.15,607.56
12065,383.44,123.58,96.15,320.75,654.31
12067,327.71,415.68,216.78,208.39,309.59
12069,436.9,300.17,208.48,234.33,449.23
12071,416.61,192,154.06,342.39,436.2
12073,544.09,164.49,147.42,330.48,572.7
12075,511.35,162.05,115.64,318.43,449.13
12077,847.18,244.98,96.62,187.79,382.38
12079,389.99,174.98,129.78,223.55,620.05
12081,483.1,157.57,166.9,387.68,665.29
12083,725.76,300.3,194.76,570.96,817.95
12085,666.31,305.03,177.45,491.16,679.16
12086,276.24,216.9,160.94,346.46,456.34
12087,903.46,297.61,255.88,493.98,903.94
12089,467.98,152.54,172.52,241.93,271.21
12091,457.52,128.29,130.19,267.89,403.07
12093,969.9,429.18,263.85,657.24,917.02
12095,328.58,228.66,237.79,614.04,663.74
12097,473.89,143.57,159.18,400.8,631.27
12099,265.74,277.76,179.65,332.92,368.34
12101,494.11,134.85,124.77,201.1,322.61
12103,451.64,156.06,189.95,354.96,440.95
12105,612.18,258.71,211.09,490.12,596.56
12107,701.05,198.31,265.58,466.68,487.02
12109,302.3,175.82,160.57,389.46,452.36
12111,652.2,629.44,276.78,597.12,735.44
12113,448.99,115.9,139.92,193.48,386.31
12115,454.48,203.55,155.94,263.41,406.8
12117,238.51,110.38,123.26,301.88,319.08
12119,423.28,309.22,180.4,566.61,388.16
12121,603.53,184.48,197.43,286.88,671.95
12123,718.36,495.23,173.48,474.46,793.53
12125,192.25,183.46,185,223.76,158.86
12127,461.21,193.84,329.46,571.47,515.22
12129,392.89,134.55,125.71,393.46,610.44
12131,708.09,40.85,159.11,292.28,408.9
12133,499.88,119.69,139.62,190.77,409.4
13001,561.99,13.37,112.73,191.15,317.63
13003,192.05,29.83,126.28,102.56,100.91
13005,840.92,119.59,155.95,351.58,793.77
13007,406.17,0,209.15,395.68,189.69
13009,592.08,72.19,133.67,296.41,408.61
13011,300.28,47.35,82.08,265.28,271.36
13013,543.58,174.47,90.34,230.01,325.62
13015,851.25,195.44,158.48,196.88,722.69
13017,981.62,102.2,163.7,333.84,921.06
13019,558.38,42.69,189.27,131.54,314.82
13021,868.31,245.6,281.83,357.23,522.67
13023,678.17,30.24,114.96,519.94,991.64
13025,709.75,56.27,84.53,117.15,199.2
13027,644.42,51.88,120.54,478.17,458.77
13029,227.82,51.44,56.2,68.35,279.93
13031,410.74,328.12,281.01,587.47,586.29
13033,912.99,100.33,142.27,461.36,632.78
13035,670.63,0,90.58,231.77,409.29
13037,431.03,28.21,1308.85,436.68,182.77
13039,326.92,149.37,115.11,317.9,315.86
13043,368.03,0,165.18,303.72,375.81
13045,864.45,303.15,412.07,601.93,811.45
13047,436.61,90.13,77.64,159.38,262.5
13049,0,0,0,410.43,0
13051,775.92,251.94,201.81,512.75,821.27
13053,0,0,0,0,0
13055,304.43,423.66,103.45,300.99,298.6
13057,395.52,136.17,67,125.91,248.95
13059,600.6,170.43,270.76,453.48,611.52
13061,407.63,0,0,506.06,271.35
13063,961.86,77.05,132.11,452.79,775.12
13065,208.43,109.14,24.25,107.12,334.45
13067,353.26,169.04,138.41,298.95,471.01
13069,670.49,185.53,193.33,461.72,429.48
13071,1434.5,159.09,683.4,1044.99,938.95
13073,283.85,51,40.98,172.35,197.25
13075,882.74,557.18,161.07,390.34,169.54
13077,598.66,458.39,621.57,451.9,680.06
13079,169.18,278.72,321.58,261.94,110.65
13081,626.89,171.72,198.57,707.92,1072.17
13083,405.62,0,46.62,280.73,581.79
13085,1007.85,178.97,209.19,293.62,683.29
13087,1891.44,337.16,648.86,1252.11,1583.47
13089,511.01,73.5,129.28,335.79,497.67
13091,500.11,64.05,76.85,279.96,340.59
13093,430.81,85.41,163.83,707.43,659.7
13095,1264.42,152.99,277.33,682.05,1308.6
13097,785.9,0,255.82,621.41,704.94
13099,665.12,184.5,251.59,563.86,735.98
13101,790.52,192.59,190.77,476.71,727.01
13103,720.49,74.28,412.83,456.93,619.03
13105,388.32,172.7,93.51,303.36,484.3
13107,336.02,135.65,85.38,168.98,76.48
13109,309.73,139.24,100.78,145.33,184.86
13111,382.34,48.56,40.54,189.22,323.31
13113,364.19,651.7,48.59,134.32,309.53
13115,1755.96,328.52,309.95,744.2,1451.03
13117,149.31,28.07,134.92,203.58,233.93
13119,535.83,188.89,145.66,189.88,467.5
13121,418.86,462.77,421.27,790.3,766.04
13123,574.97,1160.89,742.3,319.76,348.59
13125,0,0,0,0,0
13127,642.77,123.8,165.46,504.42,612.35
13129,794.08,68.47,146.68,368.02,621.45
13131,513.59,443.59,456.33,649.39,469.48
13133,589.54,102.99,121.92,219.84,571.7
13135,355.95,263.08,170.2,205.28,398.27
13137,428.57,104.85,137.17,159.75,369.51
13139,894.58,134.69,522.83,722.9,873.77
13141,641.87,0,0,0,569.37
13143,497.35,40.3,93.39,265.24,357.16
13145,895.55,396.36,504.97,554.09,605.08
13147,278.76,114.93,167,222.15,350.36
13149,606.62,223.14,88.54,330.08,308.21
13151,437.24,464.19,107.13,276.85,306.35
13153,412.01,141.15,265.26,383.6,420.15
13155,799.23,84.03,199.04,249.71,920.23
13157,656.55,191.75,548.13,1078.58,920.86
13159,362.77,807.17,813.7,139.18,435.57
13161,846.02,0,0,0,478.53
13163,2239.83,456.19,742.18,1574.28,2172.79
13165,165.37,62.34,214.12,175.23,126.31
13167,477.18,44.24,34.27,135.62,332.96
13169,670.74,67.52,199.19,159.05,330.73
13171,609.66,77.35,44.04,368.32,974.71
13173,0,34.15,99.42,141.8,0
13175,144.77,127.66,144.9,331.65,850.52
13177,374.89,0,64.62,191.97,160.32
13179,125.66,34.56,172.04,163.79,256.91
13181,1204.6,0,132.26,445.85,916.12
13183,0,0,0,0,0
13185,789.53,192.82,190.58,476.79,727.51
13187,687.69,0,242.95,313.85,450.96
13189,562.78,108.39,231.5,407.99,568.39
13191,697.02,48.05,67.97,281.89,499.21
13193,290.31,112.14,385.39,413.18,446.33
13195,480.72,0,60.67,76.18,178.08
13197,354.99,1641.03,73.69,452.11,542.95
13199,700.71,447.25,619.06,697.76,433.51
13201,600.68,761.08,496.78,370.03,375.39
13205,1353.59,637.84,549.69,1186.54,1421.18
13207,1061.52,117.22,146.09,411.56,467.6
13209,0,1781.38,53.33,168.88,159.38
13211,596.88,53.4,472.29,272.31,438.99
13213,404.19,149.44,113.42,133.9,350.97
13215,1251.28,318.82,376.87,847.79,1130.74
13217,714.33,74.67,195.25,331.94,515.56
13219,178.99,203.62,63.39,140.39,230.15
13221,0,0,89.13,172.2,0
13223,205.31,83.92,124.87,158.09,321.42
13225,386.82,0,146.08,330.07,212.66
13227,429.23,0,165.62,190.96,274.48
13229,532,35.99,193.91,193.93,419.6
13231,214.54,848.46,653.83,158.73,234.24
13233,682.1,44.25,127.91,276.45,591.78
13235,385.02,207.77,108.77,331.75,239.92
13237,552.1,198.49,329.96,722.99,651.62
13239,407.48,658.74,458.48,299.87,271.26
13241,657.56,175.23,88.38,281.65,370.45
13243,407.58,658.74,458.55,299.85,271.31
13245,820.01,217.52,299.37,497.97,689.38
13247,624.12,45.33,110.08,286.83,601.54
13249,92.19,0,108.64,346.05,355.34
13251,550.7,540.18,436.49,258.96,708.74
13253,938.54,168.11,162.9,401.82,564.3
13255,1775.41,358.04,364.37,1134.86,1204.54
13257,816.6,38.56,132.59,434.24,530.85
13259,2383.42,761.64,796.16,1154.19,1671.31
13261,1839.1,440.89,586.98,1001.47,2330.41
13263,218.01,0,0,261.97,232.61
13265,491.44,325.83,299.27,464.96,567.04
13267,501.92,54.61,69.44,165.61,301.91
13269,808.82,113.82,167.07,319.24,426.15
13271,179.14,15.14,113.24,374.81,294.71
13273,533.75,480.69,925.26,1226.61,1698.62
13275,1338.4,59.37,558.09,744.54,1140.24
13277,695.85,386.93,200.73,731.41,673.94
13279,537.73,88.95,136.15,212.58,505.95
13281,459.17,138.22,263.99,580.06,683.79
13283,484.43,119.44,281.3,271.74,266.79
13285,1712.19,255.88,519.81,639.48,1135.37
13287,834.18,1016.42,174.63,596.09,1053.96
13289,0,64.81,82.36,0,0
13291,513.59,146.27,151.85,349.08,547.36
13293,752.78,421.71,428.68,675.72,685.95
13295,451.6,184.8,61.99,225.69,260.65
13297,712.89,57.29,125.99,303.64,387.76
13299,1426.02,409.33,196.1,425.51,782.81
13301,562.71,105.93,231.53,408.09,568.3
13303,251.95,342.29,77.45,348.44,264.51
13305,795.29,140,165.23,346.6,389.68
13307,1839.47,0,0,1000.78,2330.7
13309,314,73.72,117.6,333.22,156.42
13311,529.53,205.93,174.23,253.31,375.94
13313,586.68,113,148.68,301.8,210.25
13315,401.54,24.3,86.51,254.32,283.36
13317,491.35,325.82,299.2,464.93,567.2
13319,505.39,0,74.04,120.11,305.51
13321,345.69,894,471.86,413.69,243.55
16001,272.63,124.26,73.01,150.01,287.06
16003,1009.68,0,125.36,248.63,703.39
16005,393.65,191.81,85.67,146.69,498.45
16007,82.12,61.52,25.76,50.43,100.74
16009,181.09,269.25,119.02,201.45,238.05
16011,301.03,84.69,45.37,119.21,182.64
16013,279.95,26.59,55.29,210.87,203.81
16015,272.04,93.46,73.08,150.14,286.81
16017,232.3,32.34,48.85,141.21,241.16
16019,572.87,61.94,114.12,106.48,484.52
16021,300.89,215.98,157.3,212.26,357.77
16023,319.9,59.14,97.63,168.86,213.08
16025,0,0,0,0,0
16027,299.01,88.18,111.49,202.59,382.53
16029,863.98,0,73.9,67.15,219.49
16031,989.32,50.93,143.64,556.21,774.16
16033,181.49,461.89,288.89,446.43,546.88
16035,410.29,44.36,164.08,219.62,304.11
16037,150.04,55.25,55.33,107.73,142.2
16039,468.34,27.04,82.18,109.95,97.07
16041,99.66,0,67.65,90.59,170.17
16043,113.94,78.11,60.83,136.15,112.36
16045,339.86,73.09,86.54,94.31,298.57
16047,330.8,117.05,76.45,232.77,198.8
16049,143.22,65.42,51.99,61.28,100.13
16051,260.38,105.6,70.88,131.91,101.67
16053,279.63,0,110.04,202.99,184.14
16055,319.55,98.09,92.66,197.26,296.18
16057,128.76,17.63,24.21,84.91,87.9
16059,175.32,30.6,21.48,34.03,236.09
16061,411.71,174.44,187.84,309.03,421.21
16063,0,0,0,0,0
16065,223.17,32.95,49.12,86.85,178.44
16067,0,53.01,114.66,0,0
16069,375.66,65.39,159.75,216.4,175.12
16071,393.42,62.27,102.1,79.55,189.39
16073,551,78.08,44.06,158.38,391.89
16075,422.74,126.89,127.96,205.73,306.97
16077,473.12,137.65,91.37,421.15,559.38
16079,375.14,107.16,240.55,452.71,382.97
16081,223.14,151.75,139.29,139.64,178.49
16083,338.09,79.68,104.51,266.06,456.32
16085,422.08,0,162.22,372.35,568.33
16087,272.11,45.3,56,363.94,523.53
17001,180.44,43.08,58.15,146.09,184.01
17003,117.74,44.12,117.91,137.41,117.82
17005,169.16,48.15,87.69,202.95,72.66
17007,231.71,91.46,80.45,163.37,244.42
17009,0,32.86,0,0,0
17011,127,35.9,36.63,76.47,109.18
17013,162.6,0,0,64.72,80.87
17015,175.04,96.1,85.68,137.16,178.26
17017,0,24.35,38.78,0,0
17019,140.78,22.99,46.47,111.11,221.83
17021,201,19.17,32.65,94.9,120.57
17023,196.46,0,59.62,70.87,195.63
17025,143.22,0,69.2,88.19,102.83
17027,221.63,74.58,46.59,79.44,77.53
17029,270.27,34.89,66.22,125.23,283.76
17031,281.06,107.18,138.21,200.5,274.35
17033,320.09,8.39,46.28,91.1,120.67
17035,144.59,17.87,49.99,26.41,75.13
17037,180.16,14.18,39.71,101.05,110.02
17039,532.83,59.86,66.39,109.48,224.49
17041,113.18,44.25,38.09,109.17,127.8
17043,107.59,22.19,23.71,72.37,89.49
17045,248.54,116.88,73.75,136.25,174.08
17047,104.91,0,66.59,150.39,163.35
17049,210.39,35.72,46.67,121.84,168.5
17051,256.91,48.44,89.39,160.69,126.28
17053,118.57,52.02,12.57,0,76.89
17055,363.43,26.44,45.12,156.31,112.06
17057,238.93,75.9,45.81,133.47,140.48
17059,104.95,111.23,46.8,150.35,163.39
17061,91.5,73.73,47.51,112.81,67.45
17063,151.19,80.29,51.58,110.32,107.2
17065,104.95,0,0,150.36,163.34
17067,166.77,79.23,54.25,104.53,74.68
17069,197.63,0,0,49.16,64.08
17071,162.87,81.52,48.16,134.2,151
17073,188.58,64.54,53.63,121.55,257.13
17075,105.88,30.53,47.6,94.97,93.55
17077,311.52,38.18,43.42,107.42,158.7
17079,132.49,66.73,63.58,147.32,207.58
17081,340.14,74.55,41.23,111.42,174.9
17083,162.55,26.62,45.99,64.72,80.86
17085,111.35,73.12,55.53,46,121.38
17087,293.82,71.31,21.31,103.84,228.68
17089,134.87,47.99,60.37,121.83,187.03
17091,519.07,74.94,69.28,117.62,260.54
17093,126.6,6.36,22,46.52,182.03
17095,294.76,56.99,56.85,121.15,192.13
17097,133.93,23,27.97,112.27,144.36
17099,234.07,51.3,41.23,76.2,136.04
17101,275.58,0,0,42.44,61.49
17103,199.63,56.49,105.82,173.22,126.81
17105,441.91,70.61,63.28,161.92,272.98
17107,168.55,61.82,45.13,107.57,185.65
17109,141.24,35.34,41.86,44.77,104.95
17111,87.39,42.46,33.79,62.3,76.27
17113,205.93,35.36,66.68,107.53,169.61
17115,434.91,95.67,80.61,167.74,279.23
17117,153.82,35.23,25.76,58.81,147.93
17119,158.26,29.17,53.71,68.02,160.62
17121,255.1,82.62,85.23,122.48,198.23
17123,119.38,38.81,46.97,59.5,44.98
17125,305.15,31.57,66.91,188.79,258.55
17127,452.37,35.79,128.18,170.36,216.23
17129,187.57,0,43.83,49.24,108.17
17131,339.8,30.16,46.15,104.88,130.39
17133,9.79,9.15,37.47,24.98,24.97
17135,166.11,58.26,64.9,95.97,106.56
17137,121.74,27.17,50.48,143.28,189.43
17139,165.25,156.82,40.5,97.11,168.39
17141,200.82,31.36,77.24,123.41,160.04
17143,389.73,44.78,90.82,180.7,256.44
17145,185.49,51.21,64.6,204.36,162.85
17147,464.41,65.08,33.71,79.28,107.73
17149,270.54,63.06,58.31,97.31,322.36
17151,452.25,86.47,72.89,170.32,216.2
17153,117.78,41.49,58.96,1817.66,117.84
17155,53.6,0,0,27.7,34.56
17157,81.7,36.22,21.8,59.3,68.75
17159,261.15,0,44.59,89.74,112.42
17161,244.75,78.21,57.58,176.07,207.91
17163,257.11,32.9,96.71,159.33,196.09
17165,293.8,71.29,21.31,103.86,228.72
17167,247.28,126.55,73.97,107.75,179.89
17169,271.68,0,31.41,229.23,268.4
17171,0,114.78,0,0,0
17173,116.36,7.71,21.76,67.9,101.69
17175,171.77,90.66,48.83,82.47,126.63
17177,396.73,51.92,74.67,172.11,257.37
17179,162.76,65.93,32.62,56.2,107.91
17181,117.75,91.4,21.62,54.86,117.84
17183,454.98,34.07,100.25,182.56,320.66
17185,176.99,25.59,80.55,100.5,135.98
17187,175.67,77.02,71.55,179.27,122.24
17189,32.26,0,27.84,51.69,223.41
17191,117.27,69.18,72.34,100.18,259.31
17193,104.92,0,66.6,150.38,163.39
17195,285.09,51.1,48.82,165.03,255.21
17197,194.71,35.15,35.14,63.3,107.46
17199,207.21,23.29,33.63,137.81,113.74
17201,449.48,103.14,71.72,203.94,334.12
17203,168.35,109.3,72.28,60,120.93
18001,306.88,51.25,38.79,246.33,339.01
18003,305.41,92.84,113.39,178.83,315.08
18005,313.52,69.97,55.08,190.7,274.1
18007,365.76,15.5,28.31,281.79,531.88
18009,772.5,42.03,24.98,55.13,782.91
18011,379.9,27.27,26.15,150.17,239.03
18013,373.79,73.56,97.92,251.44,417.23
18015,375.41,114.94,30.26,163.65,125.97
18017,511.03,86.27,36.05,152.62,270.88
18019,747.46,52.95,90.22,81.04,350.54
18021,421.84,49.77,28.43,108.92,109.75
18023,649.16,88.48,52.08,156.1,561.68
18025,917.97,21.75,52.74,104.13,329.45
18027,678.84,76.86,48.83,125.65,238.78
18029,787.5,17.39,55,180.78,453.68
18031,432.59,61.79,68.05,108.4,253.32
18033,250.44,22.07,33.19,155.84,201
18035,373.51,74.52,57.24,65.54,209.72
18037,234.16,22.86,36.49,83.28,209.98
18039,523.34,47.72,134.21,351.76,391.11
18041,761.24,37.77,90.99,328.73,647.56
18043,611.25,104.22,53.97,135.72,202.05
18045,189.14,46.56,73.04,183.92,214.53
18047,393.01,41.22,41.39,136.25,361.05
18049,652.28,99.01,120.58,244.28,275.81
18051,481.39,38.94,34.06,128.22,477.83
18053,593.09,84.41,76.74,342.65,550.91
18055,351.43,25.14,36.26,151.01,331.29
18057,133.14,21.3,68.49,162.28,218.84
18059,558.36,52.45,41.01,237.78,335.4
18061,663.08,49.59,81.5,136.68,460.54
18063,214.15,15.12,44.95,116.88,265.48
18065,414.7,78.52,69.52,110.54,399.96
18067,649.92,80.89,60.74,173.03,421.69
18069,380.06,58.57,51.23,245.89,406.77
18071,838.54,35.37,66.89,104.09,304.45
18073,326.02,40.37,85.75,182.93,178.71
18075,640.88,42.94,131.09,183.54,311.15
18077,559.4,96.82,73.22,131.83,247.51
18079,634.37,42.56,39.45,111.06,350.24
18081,311.79,50.96,43.05,154.91,195.38
18083,704.7,113.75,55.97,123.77,226.78
18085,505.03,27.25,56.09,154.45,300.62
18087,408.25,25.59,45.72,138.7,279.45
18089,312.09,58.54,74.54,120.44,93.31
18091,521,83,108.55,245.07,335.61
18093,490.97,21.35,43.85,261.52,531.34
18095,300.86,115.66,74.18,225.11,272.09
18097,300.53,150.51,116.98,230.57,404
18099,337.12,62.88,103.4,150.35,200.2
18101,697.71,77.68,71,237.49,706.34
18103,510.25,68.22,55.66,154.31,209.69
18105,231.03,111.17,48.13,166.85,227.63
18107,834.08,98.02,80.14,139.17,308.65
18109,697.81,57.51,53.09,151.01,378.47
18111,671.66,148.37,50.15,119.44,568.91
18113,472.27,37.82,49.96,81.5,378.39
18115,236.26,245.7,64.98,101.66,161.28
18117,261.57,129.33,107.41,358.28,589.68
18119,432.28,0,116.74,236.11,371.79
18121,479.06,47.1,129.07,157.67,619.25
18123,271.11,35.9,104.68,263.05,330.92
18125,564.62,0,0,221.97,530.21
18127,394.18,55.41,76.22,109.74,217.82
18129,334.31,156.52,95,169.76,102.16
18131,802.05,83.44,84.59,243.96,745.71
18133,498.88,88.13,60.95,107.44,411.77
18135,430.93,57.51,61.23,113.05,375.12
18137,404.01,139.08,29.6,83.9,148.2
18139,386.21,287.18,148.26,201.44,327.6
18141,285.56,46.39,47.05,125.11,181.13
18143,698.63,178.73,107.48,215.43,315.6
18145,574.87,80.68,92.25,136.01,598.4
18147,336.57,120.45,40.75,92.14,361.59
18149,562.36,64.29,102.55,259.07,297.91
18151,517.72,70.96,33.58,216.67,485.69
18153,398.99,8.6,17.03,239.3,434.22
18155,236.31,135.21,64.96,101.64,161.26
18157,264.39,18.85,25.78,115.01,236.06
18159,292.4,261.15,40.91,185.08,237.92
18161,420.43,25.54,112.96,161.33,317.89
18163,505.07,184.99,119.94,209.22,428.91
18165,657.63,79.76,30.29,171.56,396.86
18167,406.01,76.76,65.17,162.66,231.29
18169,444.05,65.18,60.28,190.66,381.04
18171,432.01,0,17.56,165.29,434.97
18173,165.94,29.48,51.73,234.34,294.97
18175,400.26,143.64,68.75,208.73,402.82
18177,674.75,106.18,120.09,235.48,435.07
18179,517.63,14.2,74.12,344.49,536.32
18181,710.62,0,0,144.76,571.77
18183,581.64,35.76,27.63,234.87,310.21
19001,67.13,36.87,35.95,34.34,48.14
19003,716.09,0,28.79,78.43,498.17
19005,58.74,49.03,20.22,35.14,68.82
19007,302.11,0,61.17,73.18,178.22
19009,53.86,0,31.46,73.82,74.86
19011,61.03,30.64,28.83,135.5,141.16
19013,293.9,53.75,54.07,65.71,276.84
19015,0,6.44,0,0,0
19017,107.9,21.99,15.25,22.42,53.77
19019,162.24,32.92,43,73.71,44.34
19021,196.66,0,62.6,53.27,138.71
19023,134.2,0,0,30.97,100.88
19025,33.43,24.88,72.83,21.26,69.02
19027,55.69,16.16,10.19,41.14,88.59
19029,197.51,31.12,45.9,96.69,212.61
19031,155,39.21,17.25,94.8,144.11
19033,267.1,43.79,28.61,88.72,177.01
19035,138.43,20.07,35.15,38.45,89.15
19037,53.17,49.3,34.28,58.92,49.87
19039,295.76,114.03,37,73.02,141.02
19041,127.81,63.92,43.73,64.01,80.37
19043,128.52,0,36.32,26.83,48.43
19045,140.96,56.93,70.47,114.91,159.42
19047,83.5,45.92,29.11,53.76,104.72
19049,37.23,33.27,12.95,84.39,107.38
19051,135.92,147.4,36.71,28.79,138.46
19053,56.78,50.83,55.12,73.97,63.5
19055,54.63,69.74,34.18,31.83,55.61
19057,213.61,50.6,39.76,72.4,179.05
19059,126.56,40.17,20.61,72.02,86.96
19061,194.1,1.95,22.13,60.29,110.68
19063,31.62,12.23,36.4,32.02,122.19
19065,148.32,13.03,27.13,49.28,149.23
19067,61.61,25.72,23.44,77.74,178.52
19069,0,12.91,47.7,0,0
19071,92.94,36.87,43.03,21.42,163.43
19073,126.72,0,27.94,56.43,125
19075,66.52,11.93,40.74,31.81,45.85
19077,138.76,87.54,34.09,78.63,99.41
19079,73.84,0,0,0,0
19081,87.68,0,0,40.88,99.25
19083,139.83,0,53.34,58.99,70.16
19085,88.38,54.68,51.47,39.61,90.5
19087,123.13,18.33,52.13,63.09,67.75
19089,53.38,15.99,15.48,66.04,68.55
19091,51.17,69.3,55.96,61.51,151.27
19093,166.71,0,0,47.09,99.32
19095,9.7,22.51,22.99,64.62,107.56
19097,65.65,0,27.92,40.09,51.81
19099,123.67,28.37,23.33,58.57,126.97
19101,109.9,41.53,23.34,58.94,110.83
19103,97.46,40.34,38.04,74.36,106.41
19105,99.58,8.57,31.04,49.13,110.81
19107,31.82,25.82,39.7,69.3,140.57
19109,120.4,0,0,16.86,78.01
19111,195.96,0,0,97.38,210.48
19113,158.65,66.89,40.05,84.71,106.13
19115,177.38,48.72,48.53,96.85,119.72
19117,35.06,0,0,82.86,160.14
19119,100.27,13.54,31.38,50.09,186.94
19121,82.31,0,32.09,45.87,130.61
19123,147.71,67.92,60.49,69.29,194.24
19125,170.5,6.36,23.47,68.4,86.85
19127,318.19,4.08,61.34,70.47,160.65
19129,103.11,0,70.82,71.45,87.36
19131,47.51,0,0,16.15,62.09
19133,264.35,0,46.34,57.09,162.18
19135,162.17,133.49,112.53,72.06,250.31
19137,63.02,0,65.62,63.16,184.97
19139,533.74,46.17,32.94,109.33,422.44
19141,189.55,0,0,20.48,74.75
19143,79.3,0,76.18,85.41,135.24
19145,80.99,145.8,70.21,89.22,130.25
19147,90.56,13.24,12.99,38.96,68.5
19149,109.71,21.2,14.63,42.02,108.89
19151,118.04,56.52,35.28,44.98,96.78
19153,272.76,66.5,57.25,81.46,212.63
19155,270.6,0,61.19,70.65,136.51
19157,192.34,17.71,19.38,26.74,60.48
19159,466.12,27.09,55.51,99.27,111.36
19161,33.43,56.75,19.09,21.27,69.02
19163,258.96,71.54,52.55,126,219.49
19165,113.22,23.59,34.41,63.46,119.76
19167,82.76,0,30.21,47.02,56.84
19169,102.66,20.69,27.7,64.8,76.71
19171,139.81,0,0,0,172.6
19173,106.75,40.41,29.71,46.24,146.88
19175,115.22,13.14,96.23,92.43,130.14
19177,111.56,83.13,103.01,90.66,133.53
19179,415.73,51.92,60.29,62.21,0
19181,71.66,55.48,34.87,59.15,76.78
19183,207.48,0,26.17,100.44,208.03
19185,544.81,63.65,88.93,57.53,108.14
19187,201.64,81.6,63.8,128.38,171.57
19189,76.37,0,25.24,27.74,82.59
19191,64.62,39.26,7.09,54.09,53.42
19193,345.27,104.41,46.15,184.78,265.68
19195,84.07,57.89,55.07,64.49,158.66
19197,142.99,80.04,32.37,31.86,55.06
21001,563.24,99.03,198.89,389.14,460.71
21003,544.9,91.76,198.27,192.86,316.28
21005,282.42,52,85,69.97,295.93
21007,840.5,40.65,82.63,104.65,1020.98
21009,539.27,96.26,81.42,172.68,328.26
21011,724.81,91.24,144.05,579.12,620.74
21013,389.9,230.48,135.68,222.4,274.54
21015,310.2,20.03,104.7,209.08,216.82
21017,233.05,88.84,130.41,208.47,223.05
21019,776.94,95.06,40.59,146.64,356.23
21021,1474.05,0,224.76,440.9,698.11
21023,590.28,47.51,148.24,249.81,473.56
21025,1079.35,24.76,71.18,117.23,505.38
21027,1038.59,116.37,80.91,169.1,311.09
21029,516.74,58.81,72.15,120.67,265.17
21031,491.64,87.17,218.31,332.5,382.81
21033,0,165.35,195.44,0,0
21035,601.34,64.33,54.4,118.58,446.76
21037,930.64,47.89,84.28,164.47,277.85
21039,499.51,0,102.44,268.01,1693.82
21041,558.02,120.72,74.96,111.58,547.33
21043,821.46,184.1,33.12,166.44,558.67
21045,2030.91,180.79,110.58,179.18,1242.91
21047,1019.91,30.09,100.11,240.26,1000.02
21049,284.15,54.15,222.03,280.25,554.34
21051,1368.18,231.39,180.28,234.44,518.41
21053,31.01,40.49,95.3,302.78,172.74
21055,1968.98,39.67,42.31,122.72,306.16
21057,563.2,172.24,186.71,389.11,460.81
21059,989.21,119.77,113.94,351.25,548.38
21061,0,18.49,85.71,0,0
21063,361.45,201.73,0,196.3,294.17
21065,234.07,163.07,101.67,149.54,236.23
21067,547.59,168.55,240.3,335.13,282.28
21069,590.24,118.55,151.93,249.87,473.48
21071,561.31,91.42,47.5,115.88,498.32
21073,810.97,53.98,125.52,624.63,771.02
21075,499.51,137.65,276.39,267.98,1693.43
21077,0,0,38.9,0,0
21079,405.99,276.53,157.01,304.92,336.29
21081,1828.89,135.36,38.67,285.99,607.97
21083,457.63,102.44,95.41,227.25,554.31
21085,1294.13,164.36,126.49,397.82,869.62
21087,1002.95,155.21,54.42,182.4,548.47
21089,519.8,24.9,49.17,173.45,410.27
21091,1038.41,24.22,163.73,115.36,311.12
21093,723.77,85.37,59.31,205.32,631.24
21095,1151.39,364.03,156.62,213.78,380.99
21097,233.04,120.47,130.38,208.47,223.05
21099,1197.81,35.67,151.72,476.99,766.26
21101,1479.44,172.17,146.28,148.96,1014.96
21103,558.07,90.9,83.37,111.57,547.35
21105,499.48,268.89,196.88,268.05,1693.51
21107,1190.05,154.1,119.6,246.45,536.41
21109,846.79,260.6,120.14,18.3,360.35
21111,361.05,150.19,131.81,182.17,329.78
21113,491.82,187.92,97.99,218.39,388.97
21115,361.46,18.8,68.6,196.43,294.06
21117,565.44,204.22,105.91,252.9,381.71
21119,664,153.03,47.65,111.53,270.19
21121,0,115.62,115.9,274.19,0
21123,1161.77,31.94,119.63,476.51,883.46
21125,806.31,206.53,173.65,302.89,761.78
21127,361.33,0,0,196.46,294.08
21129,1079.33,80.8,71.2,117.25,505.49
21131,0,60.78,153.98,143.8,0
21133,419.22,65.12,133.62,181.86,275.11
21135,716.28,41.77,62.68,143.01,138.12
21137,405.93,151.61,152.04,304.95,336.28
21139,821.88,106.93,54.53,83.44,718.82
21141,650.08,169.48,129.61,179.11,430.97
21143,0,52.94,58.68,0,0
21145,822.12,192.31,67.27,388.31,718.79
21147,474.55,139.06,65.08,209.22,375.45
21149,0,0,50.66,0,0
21151,454.86,176.46,75.42,214.74,319.66
21153,361.41,156.55,161.76,196.42,293.96
21155,1281.13,149,56.58,220.41,762.55
21157,686.19,31.43,84.85,230,701.86
21159,361.53,94.63,133.51,196.46,293.97
21161,590.16,272,148.23,249.88,473.58
21163,733.58,117.67,63.23,145.24,335.02
21165,0,85.32,0,0,0
21167,0,152.11,0,0,0
21169,539.4,0,81.4,172.67,328.29
21171,279.25,71.08,171.72,213.41,327.14
21173,724.89,192.08,97.68,579.21,620.78
21175,361.33,103.81,68.58,196.37,294.02
21177,1201.1,78.56,119.6,216.61,396.26
21179,412.4,137.13,41.3,259.9,550.91
21181,233.07,154.28,130.4,208.45,222.99
21183,410.54,136.81,103.16,274.37,355.7
21185,217.29,31.78,45.55,166,226.09
21187,0,66.3,0,0,0
21189,1079.84,71.79,103.65,117.21,505.34
21191,310.13,34.93,75.99,232.68,216.89
21193,663.91,72.88,72.48,200.26,270.17
21195,701.76,175.11,59.04,166.14,317.54
21197,1510.21,201.21,173.74,256.08,342.29
21199,508.09,28.24,97.34,246.01,428.48
21201,232.85,0,130.45,208.58,222.87
21203,767.05,167.36,85.79,289.2,695.07
21205,594.67,116.54,114.78,274.34,497.85
21207,936.94,218.14,85.19,210.97,220.02
21209,259.15,98.49,125.11,241.28,269.09
21211,282.44,69.85,128.56,69.98,295.93
21213,2043.32,0,166.48,641.08,1220.08
21215,282.48,0,0,70,295.9
21217,1002.88,140.21,79.44,182.37,548.38
21219,1410.46,173.83,44.27,134.23,313.6
21221,1020.08,79.08,68.39,340.08,135.27
21223,558.01,120.7,74.95,111.58,547.2
21225,491.47,50.42,161.88,250.23,432.61
21227,482.71,176.38,135.81,387.73,625.54
21229,1280.96,48.61,56.58,220.4,762.43
21231,1664.27,143.35,77.33,149.4,444.44
21233,3110.6,53.35,86.94,217.79,797.86
21235,318.2,116.93,91.29,161.52,274.78
21237,1079.66,126.46,216.76,117.26,505.5
21239,494.87,80.07,124.96,173.25,306.67
22001,29.96,113.3,145.16,186.55,492.19
22003,258.38,75.74,155.78,317.32,232.54
22005,588.14,104.29,161.46,311.05,449.45
22007,416.78,27.69,102.68,252.42,438.85
22009,4499.85,168.75,88.68,1033.53,4326.74
22011,531.71,138.67,139.4,342.64,406.82
22013,543.1,278.02,221.88,337.37,486.45
22015,1392.65,195.28,193.33,221.75,490.98
22017,767.92,232.48,278.42,288.29,601.55
22019,958.09,199.58,151.51,292.24,764.24
22021,696.27,149.81,443.2,750.54,1255.41
22023,669.79,186.49,271.51,231.12,274.96
22025,405.34,74.48,205.69,373.22,2852.96
22027,5426.71,194.24,207.22,294.28,1542.03
22029,4816.44,46.8,244.34,494.06,2361.4
22031,681.81,0,208.78,602.6,543.24
22033,572.79,186.89,274.55,390.92,546.12
22035,20069.42,801.09,1121.18,2895.4,14846.42
22037,1077.51,192.9,227.99,428.34,943.33
22039,106.87,48.94,157.59,298.88,401.07
22041,6457.49,67.8,200.74,869.31,2248.56
22043,621.08,178.12,232.49,244.72,256.75
22045,1084.71,70.34,141.5,152.47,711.33
22047,427.97,186.42,492.43,455.34,497.91
22049,10079.26,114.3,148.54,320.92,323.26
22051,326.02,85.15,118.98,216.91,226.26
22053,352.01,123.16,223.78,163.8,386.14
22055,542.66,147.89,162.49,518.44,425.46
22057,281.76,93.79,177.29,219.79,399.46
22059,165.77,87.66,96.14,344.17,276.31
22061,571.53,69.75,73.98,303.22,282.15
22063,609.12,83.41,167.65,236.46,219.6
22065,10930.71,64.39,195.92,392.86,1481.95
22067,928.13,463.5,271.99,547.99,2325.1
22069,1906.7,162.5,197.94,215.47,1343.16
22071,861.38,321.23,491.49,1099.46,1880.31
22073,1037.6,290.9,287.29,525.76,665.79
22075,0,209.1,274.68,507.67,1453.44
22077,1057.16,195.74,195.97,376.22,584.46
22079,1355.29,145.18,241.24,331.52,1096.26
22081,874.69,116.55,220.14,822.36,1122.2
22083,5066.34,82.28,212.95,365.13,5191.24
22085,906.88,150.83,150.39,186.12,547.48
22087,851.34,62.27,109.41,176.56,522.45
22089,952.38,70.88,102.61,237.9,503.37
22091,804.94,223.01,285.67,473.27,832.34
22093,512.03,103.46,110.64,339.32,601.23
22095,705.7,52.72,121.55,164.18,1011.25
22097,66.95,95.9,126.88,387.68,436.77
22099,673.98,114.34,190.36,730,1404.3
22101,1173.21,129.62,302.99,313.97,782.71
22103,575.51,160.6,96.47,119.33,308.76
22105,553.86,153.05,212.28,516.18,642.69
22107,0,78.26,244.11,519.22,9331.07
22109,923.14,127.49,141.34,221.3,792.77
22111,2251.49,37.4,203.58,581.84,899.39
22113,373.43,92.94,138.81,226.43,383.66
22115,627.55,71.68,201.17,201.95,566.28
22117,535.5,113.62,102.39,320.29,385.18
22119,1653.54,136.02,168.57,405.34,1039.6
22121,1081.78,229.12,356.91,279.4,2546.33
22123,334.59,39.48,204.82,317.94,330.92
22125,287.36,125.47,233.63,231.74,281.78
22127,471.02,178.1,248.94,314.93,408.33
23001,209.93,62.54,45.54,124.09,127.75
23003,162.6,57.4,86.09,86.75,129.73
23005,197.41,44.39,65.8,108.42,143.34
23007,110.71,37.13,77.46,107.16,99.58
23009,70.44,24.26,38.38,62.34,90.69
23011,200.95,40.28,69.79,87,168.66
23013,279.35,29.39,57.78,117.41,188.81
23015,392.12,0,0,42.88,79.68
23017,120.84,43.34,70.91,84.15,92.42
23019,137.79,24.42,52.76,107.53,129.9
23021,231.42,41.27,91.26,126.63,184.83
23023,392.11,0,0,42.88,79.67
23025,392.52,62.57,105.7,131.64,168.32
23027,115.3,72.56,67.47,85.8,127.39
23029,187.39,34.45,47.04,130.68,159.15
23031,143.51,28.14,36.41,111.78,97.68
24001,312.21,55.19,59.03,172.52,202.56
24003,201.58,62.27,69.8,142.31,235.81
24005,239.41,35.97,64.81,132.25,231.99
24009,405.4,0,127.68,322.65,315.6
24011,545.73,51,210.9,363.42,410.93
24013,216.86,0,50.22,117.12,154.75
24015,374.89,155.78,180.91,437.3,319.02
24017,340.07,90.48,108.7,429.51,352.42
24019,702.27,140.16,237.71,411.15,653
24021,185.83,73.39,79.75,383.79,279.65
24023,310.35,39.7,77.51,177.31,217.05
24025,252.37,49.24,77.55,166.47,231.93
24027,140.59,27.74,70.64,143.87,129.99
24029,529.36,152.73,206.71,295.81,568.71
24031,112.11,38.6,94.15,155.46,139.08
24033,188.51,50.54,109.12,254.97,237.76
24035,368.49,142.9,144.91,248.25,278.73
24037,317.55,48.74,95.94,204.16,244.83
24039,468.83,53.27,130.99,311.76,373.47
24041,330.28,97.72,172.5,289.82,384.74
24043,345.78,73.54,128.95,320.06,334.5
24045,584.39,115,147.74,687.16,766.76
24047,499.76,171.36,331.45,678.91,825.18
24510,785.06,312.12,319.84,550.84,743.86
25001,230.49,81.39,72.71,113.25,183.72
25003,308.02,67.61,89.44,149.46,292.74
25005,337.47,47.88,54.57,82.55,303.32
25007,309.09,0,102.26,270.81,335.5
25009,310.95,51.02,68.05,133.37,262.95
25011,355.27,88.62,134.34,182.38,286.95
25013,459.9,77.61,94.66,211.75,578.61
25015,225.33,115.16,94.68,222.36,209.79
25017,83.54,30.68,48.53,107.79,139.22
25019,230.58,81.38,72.7,113.41,183.71
25021,130.28,21.96,36.46,82.93,132.32
25023,281.99,33.79,69.7,152.52,346.63
25025,272.41,153.28,120.93,246.04,458.33
25027,201.62,55.19,64.73,131.53,248.02
26001,434.86,49.3,51.79,230.58,377.61
26003,309.6,98.6,75.29,222.58,222.53
26005,238.94,58.64,149.38,246.06,234.25
26007,250.79,67.31,71.64,345.4,356.67
26009,302.99,13.98,135.86,205.85,328.62
26011,481.36,47.14,191.02,239.05,320.51
26013,0,44.38,0,0,0
26015,266.67,0,94.85,166.09,169.88
26017,309.36,55.56,127.75,237.57,257.28
26019,368.34,61.95,104.88,201.2,409.43
26021,357.38,156.85,188.4,320.49,369.52
26023,496.64,26.28,159.35,322.62,290.87
26025,488.84,120.27,103.38,157.07,541.22
26027,305.21,95.58,79.61,162.84,333.64
26029,104.17,147.04,133.06,150.11,182.61
26031,488.76,105.97,127.96,137.59,294.43
26033,475.69,65.6,96.05,146.49,159.59
26035,819.11,72.29,96.38,259.69,469.98
26037,391.83,67.43,52.22,215.32,380.35
26039,441.66,290.24,214.45,296.77,395.13
26041,303.82,52.76,88.87,130.35,226.1
26043,444.26,0,53.56,189.5,340.46
26045,334.58,57.64,87.8,184.07,279.84
26047,391.82,130.58,63.41,118.01,275.44
26049,230.87,150.61,104.47,139.82,201.51
26051,517.42,319,80.16,298.95,374.1
26053,272,24.6,99.48,134.71,265.83
26055,273.79,79.33,158.99,280.11,277.09
26057,197.98,52.17,90.27,203.44,233.12
26059,178.44,77.03,63.69,151.15,193.63
26061,186.22,36.32,68.87,128.62,171.66
26063,293.3,112.95,99.53,265.57,272.02
26065,300.37,96.34,123.49,247.51,269.76
26067,341.98,147.13,48.7,172.45,281.77
26069,450.97,0,96.3,276.53,404.63
26071,665.29,0,90.91,218.96,477.55
26073,389.51,49.61,61.85,196.55,348.62
26075,356.7,130.29,88.16,192.78,229.43
26077,242.41,80.43,153.68,198.18,205.31
26079,457,0,0,0,464.63
26081,261.76,160,178.95,212.37,298.24
26083,164.34,0,0,110.25,204.08
26085,508.87,97.82,321.21,517.97,2603.37
26087,190.54,84.24,87.62,114.24,169.56
26089,187.19,236.56,92.98,163.46,120.11
26091,397.99,71.9,128.92,236.08,260.95
26093,202.78,48.14,69.03,76.67,161.13
26095,0,0,0,0,0
26097,264.67,90.94,122.76,313.16,287.02
26099,208.36,58.81,57.04,151.38,251.68
26101,324.34,76.68,44.34,187.47,261.85
26103,188.68,64.75,81.69,106.39,146.03
26105,398.59,97,103.53,204.24,280.98
26107,276.93,36.72,60.06,167.2,213.64
26109,226.49,63.55,56.61,156.11,270.5
26111,329.46,93.41,72.52,147.85,195.96
26113,340.68,72.43,122.21,207.4,300.63
26115,244.75,62.36,82.29,142.85,241.94
26117,396.06,73.55,139.08,190.08,227.57
26119,200.22,66.67,295.48,479.08,559.55
26121,356.75,114.21,156.55,250.4,321.69
26123,294.59,31.47,114.24,393.98,358.29
26125,183.74,42.36,91.33,225.07,211.02
26127,279.96,87.28,96.67,286.52,398.5
26129,626.32,279.39,68.18,160.93,169.4
26131,81.12,80.45,155.96,237.49,205.13
26133,476.78,69.07,106.19,256.47,327.46
26135,626.48,279.38,68.18,160.96,169.4
26137,230.69,33.32,228.45,268.35,328.1
26139,185.23,45.83,67.73,114.51,158.87
26141,365.97,0,97.85,155.08,214.26
26143,535.57,101.08,86.24,158.8,522.91
26145,407.9,66.17,126.72,181.59,371.19
26147,386.81,71.93,99.67,185.07,204.12
26149,396.32,116.42,168.96,392.42,348.97
26151,190.45,44.89,66.24,173.91,276.83
26153,292.85,21.56,125.36,198.14,364.25
26155,301.18,88.81,99.06,163.87,279.96
26157,212.97,70.51,85.48,148.49,175.14
26159,308.19,190.24,162.88,201.02,211.64
26161,152.38,42.69,97.16,125.33,126
26163,191.49,159.02,102.78,115.22,200.74
26165,183.77,132.59,161.15,225.62,284.43
28001,406.77,91.44,176.57,259.47,465.16
28003,1260.2,71.6,88.65,89.97,173.08
28005,503.84,26.73,61.51,134.36,207.9
28007,190.31,73.67,156.09,170.26,176.6
28009,406.43,73.46,108.08,150.69,364.41
28011,2124.68,86.24,275.71,314.87,456.38
28013,65.2,161.63,5.78,0,187.82
28015,5076.3,56.75,192.8,216.52,4202.03
28017,3602.54,345.59,78.73,175.36,405.53
28019,305.75,42.29,121.88,129.73,265.02
28021,97.56,203.25,154.38,209.59,201.63
28023,374.74,102.88,71.32,191.44,245.82
28025,958.81,27.16,95.01,331.64,619.06
28027,629.79,184.19,304.26,525.6,496.65
28029,254.22,7.22,157.71,245.84,396.3
28031,41.23,61.92,83.71,146.21,146.45
28033,308.39,58.99,62.54,182.02,307.74
28035,583.38,119.92,421.62,514.08,349.86
28037,0,64.5,61.16,155.81,0
28039,1682.38,54.88,169.33,111.33,651.51
28041,158.35,101.85,37.9,39.33,290.57
28043,1078.86,87.89,210.97,186.14,1068.27
28045,593.66,163.38,134.51,417.12,418.91
28047,574.08,188.19,162.01,377.51,650.32
28049,88.83,216.48,171.4,219.22,572.63
28051,3093.13,72.69,196.53,162.27,445.25
28053,428.49,52.38,309.52,300.86,395.04
28055,8107.72,0,0,0,4432.91
28057,178.64,48.23,62.06,82.18,100.07
28059,428.48,77.5,141.17,168.41,264.12
28061,220.58,198.09,88.46,188.61,260.89
28063,6345.13,82.51,169.3,154.15,394.2
28065,378.39,40.23,134.11,352.82,377.88
28067,292.42,193.97,144.41,205.48,316.74
28069,6524.67,52.84,38.21,89.33,1181.25
28071,169.97,156.31,104.9,110.95,269.11
28073,341.85,99.11,76.97,116.13,255.03
28075,601.93,140.23,132.12,238.44,473.02
28077,311.14,62.01,95.01,123.7,351.74
28079,2560.98,59.56,149.72,164.92,2402.4
28081,446.71,113.05,153.72,77.08,379.8
28083,535.8,277.78,213.97,301.18,444.2
28085,367.19,128.59,164.31,145.11,276.1
28087,632.22,98.16,144.37,153.57,294.31
28089,404.56,72.8,165.88,299.32,347.15
28091,539.18,74.82,108.72,185.17,1656.09
28093,186.34,30.47,67.53,158.89,278.87
28095,462.84,146.15,205.76,290.77,345.91
28097,0,109.68,167.18,245.37,0
28099,297.12,32.68,135.25,97.49,259.5
28101,257.11,53.12,111.1,108.49,159.24
28103,300.85,39.85,124.37,205.41,307.09
28105,219.24,10.8,119.83,144.48,296.79
28107,443.38,27.42,126.85,165.37,391.6
28109,908.65,71.86,128.03,195.18,402.62
28111,363.16,19.09,109.45,139.23,383.72
28113,656.01,70.19,222.96,258.14,527.26
28115,339.27,185.67,140.07,145.58,203.68
28117,435.9,40.41,42.66,59.27,258.24
28119,358.57,184.75,296.72,413.63,407.98
28121,359.99,47.5,60.52,103.35,238.02
28123,578.19,64.26,101.31,226.6,231.89
28125,8107.34,65.66,273.11,275.32,4432.87
28127,864.49,43.23,174.77,500.3,210.25
28129,371.67,37.03,50.43,86.13,207.89
28131,3424.77,140.34,88.19,146.78,972.83
28133,202.11,83.78,120.42,151.16,274.37
28135,486.43,50.29,204.15,413.18,494.21
28137,429.98,56.85,69.42,137.69,310.22
28139,269.27,31.61,51.48,97.47,183.76
28141,706.66,109.72,50.3,121.41,283.71
28143,1058.98,137.84,312.86,715.21,1047.14
28145,431.3,112.96,121.83,105.59,305.81
28147,161.97,55.98,161.03,146.07,160.14
28149,368.56,161.17,262.88,283.47,357.48
28151,441.32,270.94,226.92,210.64,401.66
28153,571.82,10.56,151,179.05,358.07
28155,158.6,0,201.23,177.65,353.12
28157,290.46,32.56,127.86,241.55,283.78
28159,2746.11,83.41,66.61,77.19,2212.22
28161,296.85,75.96,64.86,159.32,208.06
28163,1594.3,39.56,199.85,223.74,398.91
29001,240.37,39.7,88.57,110.66,133.23
29003,241.85,29.13,76.58,110.57,94.55
29005,92,35.13,61.35,179.9,248.63
29007,520.36,153.77,107.94,171.99,195.31
29009,191.1,79.84,74.12,61.13,106.94
29011,200.8,34.08,18.56,97.75,195.85
29013,197.22,46.28,109.43,91.45,308.91
29015,247.52,180.41,102.72,131.42,94.88
29017,277.39,97.71,142.2,119.65,128.04
29019,143.46,49.68,74.24,141.45,198.5
29021,368.32,76.66,111.54,242.66,289.22
29023,277.83,134.23,184,152.72,377.16
29025,586.88,0,0,0,238.1
29027,222.98,68.66,132.12,249.3,96.55
29029,410.92,74.67,51.02,136.85,131.96
29031,347.46,62.83,98.51,120.25,159.58
29033,197.82,153.85,221.65,149.54,442.84
29035,0,45.29,0,0,0
29037,199.57,33.78,34.92,75.93,143.22
29039,175.22,0,46.93,84.46,135.73
29041,422.79,81.25,222.19,238.28,279.16
29043,221.7,65.95,53.36,44.69,38.52
29045,327.87,43.84,74.94,141.56,380.5
29047,231.52,62.21,50.88,176.32,184.99
29049,139.91,0,102.74,107.11,176.94
29051,228.92,82.61,71.14,103.47,90.84
29053,284.83,0,188.13,239.69,240.48
29055,256.38,0,86.63,175.41,122.13
29057,218.1,260.82,75.21,85.15,122.76
29059,259.52,35.19,61.7,139.99,153.41
29061,0,0,0,0,0
29063,107.96,0,77.46,82.32,96.66
29065,320.81,60.82,22.64,104.92,88.15
29067,294.91,18.29,47.89,36.11,153.6
29069,776.11,141.02,121.06,168.77,255.95
29071,173.63,43.93,52.85,107.31,154.51
29073,256.4,43.17,117.17,48.88,122.1
29075,198.18,0,84.61,135.14,542.11
29077,242.68,127.24,72.56,90.52,126.91
29079,375.02,88.24,66.66,100.63,206.12
29081,198.16,69.64,86.48,100.13,542.19
29083,447.66,47.96,116.57,116.09,194.9
29085,98.46,151.86,26.57,145.7,106.2
29087,395.97,105.04,40.73,283.94,136.66
29089,164.01,80.65,157.89,291.65,184.51
29091,233.86,36.05,44.03,92.61,223.67
29093,258.63,54.83,51.75,90.47,216.81
29095,185.97,176.05,154.93,236.59,222.78
29097,246.34,135.35,137.11,143.86,241.42
29099,189.27,36.47,28.82,56.57,1.48
29101,552.78,48.38,53.78,66.65,101.96
29103,0,62.46,38.74,0,0
29105,569.02,128.08,71.39,161.12,462.92
29107,363.69,82.74,65.1,119.93,218.5
29109,182.85,76.44,68.61,118.82,183.34
29111,170.6,0,0,38.33,150.83
29113,236.44,49.69,59.99,81.06,356.48
29115,0,0,0,0,0
29117,456.62,79.02,187.46,244.52,499.16
29119,226.38,96.43,73.39,162.66,225.26
29121,302.67,90.54,70.61,100.4,138.21
29123,237.62,100.5,77.68,138.51,357.01
29125,85.43,124.81,73.02,109.25,74.11
29127,358.7,74.22,93.6,101.25,387.79
29129,269.06,0,94.51,290.7,170.07
29131,594.64,91.81,65.31,157.38,384.69
29133,604.62,161.74,244.32,266.54,408.83
29135,294.72,49.99,73.25,230.59,152.32
29137,205.99,56.78,62.78,68.56,159.48
29139,55.1,66.73,129.79,165.19,171.3
29141,733.35,51.26,75.25,137.07,284.94
29143,304.45,44.36,172.84,226.42,288.72
29145,227.99,119.33,54.24,86.22,142.84
29147,131.15,34.84,68.24,101.93,115.93
29149,90.83,75.54,49.53,58.7,69.93
29151,114.13,0,78.16,64.55,152.15
29153,340.68,27.18,57.65,95.97,111.04
29155,656.12,54.61,172.09,249.07,532.37
29157,213.94,48.57,38.21,142.26,154.62
29159,530.3,0,90.36,120.19,171.95
29161,333.54,0,64.86,90.51,231.26
29163,385.37,83.31,68.63,128.63,230.45
29165,207.92,84.26,108.78,82.82,172.65
29167,186.29,98.33,61.42,58.09,137.44
29169,132.9,0,40.57,67,114.61
29171,140.35,0,125.28,102.81,197.78
29173,0,0,0,0,0
29175,525.33,130.64,104.47,124.98,201.55
29177,405.19,59.15,90.65,89.33,192.9
29179,227.44,313.21,109.57,101.52,103.07
29181,254.51,0,59.39,67.95,120.59
29183,126.87,32.68,33.46,69.64,119.07
29185,250.45,142.76,65.44,0,0
29186,168.59,0,0,255.44,159.82
29187,456.97,41.53,119.55,67.02,246.06
29189,198.57,43.04,66.27,93.35,132.56
29195,562.32,142.56,133.76,167.81,251.26
29197,116.82,114.72,69.59,83.16,79.81
29199,106.84,33.76,57.37,106.6,156.25
29201,359.28,91.35,153.34,168.38,250.86
29203,154.8,23.44,84.49,68.36,207.27
29205,241.09,23.41,84.73,151.71,243.37
29207,258.73,51.94,93.67,111.4,263.91
29209,340.45,16.53,41.81,101.62,159.77
29211,24.8,23.3,46.3,220.69,98.51
29213,521.56,24.84,115.29,132.58,145.28
29215,314.31,104.2,79.75,110.35,124.27
29217,785.48,108.01,70.39,135.67,165.99
29219,536.14,268.19,77.8,101.98,317.36
29221,290.91,81.95,74.21,94.79,273.94
29223,731.17,80.63,121.02,139.96,91.6
29225,134.28,56.29,68.84,80.08,56.31
29227,0,0,0,0,0
29229,251.23,51.36,28.64,72.33,117.99
29510,756.38,246.71,259.38,265.69,465.53
33001,281.19,143.45,84.4,135.53,131.24
33003,187.76,73.39,110.23,123.67,160.59
33005,265.94,40.03,57.25,193.05,195.37
33007,187.19,59.39,37.59,118.41,156.59
33009,199.93,68.13,69.66,115.4,139.77
33011,201.07,91.42,78.75,164.92,219.39
33013,158.22,78.02,62.85,175.35,170.46
33015,149.6,48.02,47.58,86.03,106.53
33017,251.99,74.25,49.51,78.72,148.8
33019,291.17,70.37,98.98,146.02,179.46
34001,491.44,185.52,166.47,443,621.14
34003,131.81,46.39,44.12,165.07,116.87
34005,171.91,65.04,75.07,130.6,170.85
34007,442.18,76.63,94.14,383.92,445.83
34009,412.31,86.86,140.54,314.87,291.48
34011,544.62,114.1,156.62,488.37,472.92
34013,399.66,197.23,199.91,343.18,336.01
34015,183.24,58.54,45.31,151.15,150.56
34017,240.5,139.61,108.1,225.27,369.24
34019,92.37,58.77,54.58,100.94,111.71
34021,314.96,143.16,133.66,532.8,370.3
34023,158.49,47.89,59.07,202.48,197.69
34025,169.86,104.88,101.74,176.63,272.14
34027,93.09,36.21,51.22,99.31,80.14
34029,187.22,82.16,60.14,144.31,120
34031,313.52,126.05,120.33,533.76,553.06
34033,795.9,114.63,233.89,570.62,626.88
34035,97.12,41.76,49.83,137.05,121.76
34037,155.8,28.06,57.42,170.42,138.16
34039,215.36,83.55,58.85,278.15,264.12
34041,171.44,55.5,45.14,223.1,185.96
36001,355.2,148.39,149.66,285.5,357.86
36003,178.57,38.38,51.62,105.03,157.89
36007,378.86,48.47,53.83,171.7,275.79
36009,201.68,49.53,63.08,144.62,203.77
36011,361.13,49.52,69.59,119.06,171.19
36013,304.38,61.89,85.27,118.25,252.61
36015,361.4,49.13,101.01,216.91,344.17
36017,326.53,37.46,57.95,88.6,147.02
36019,294.31,62.15,44,82.51,209.08
36021,258.24,58.94,79.28,255.36,276.65
36023,214.56,42.24,69.72,104.41,197.62
36025,263.72,37.15,47.41,74.54,138.07
36027,136.42,88.51,51.88,142.02,165.61
36029,206.64,82.95,77.61,139.48,244.86
36031,238.99,49.94,55.03,74.3,77.83
36033,330.23,67.64,82.77,137.53,179.63
36035,310.14,44.13,57.56,143.46,339.79
36037,175.45,45.7,59.14,141.93,173.05
36039,143.1,55.36,55.53,143.15,137.22
36041,135.82,0,0,92.54,85.94
36043,62.9,29.73,46.3,85.27,121.71
36045,169.41,78.32,78.18,129.55,200.49
36049,188.96,15.08,64.55,119.3,186.46
36051,240.03,74.54,70.77,164.01,168.69
36053,193.52,57.61,102.13,113.19,233.63
36055,269.7,55.43,61.76,178.02,282.71
36057,568.06,58.7,90.56,354.17,361.57
36059,140.53,74.66,82.93,204.74,161.52
36061,194.17,256.12,159.81,351.99,277.29
36063,228.26,85.26,79.75,147.22,250.06
36065,250.09,51.41,75.29,175.83,300.16
36067,372.19,96.5,83.44,153.49,269.27
36069,309.05,78.36,93.86,169.04,252.79
36071,209.58,80.4,102.96,202.65,249.61
36073,229.41,64.14,117.72,262.69,289.07
36075,184.82,47.87,61.82,108.18,144.52
36077,165.97,50.95,43.37,83.21,147.26
36079,162.93,21.33,19.76,84.09,117.61
36083,194.64,77.48,51.22,97.86,283.24
36087,108.67,51.57,49.9,106.21,123.67
36089,213.49,49.69,51.78,88.16,113.69
36091,124.09,42.09,64.76,120.76,116.64
36093,308.06,39.2,62,215.95,334.16
36095,195.69,73.27,73.56,95.14,350.18
36097,206.53,61.41,124.11,138.99,146.82
36099,311.92,42.48,92.19,142.29,242.22
36101,237.23,69.64,69.51,127.74,167.01
36103,140.61,48.33,64.25,138.48,151.62
36105,358.34,46.04,205.3,323.58,342.29
36107,201.26,44.77,80.69,132.39,229.67
36109,88.75,56.2,38.33,79.65,99.74
36111,276.42,83.89,85.51,147.85,205.54
36113,235.31,100.35,121.46,130.25,191.62
36115,264.65,45.77,105.05,124.27,170.83
36117,177.46,93.37,74.89,135.91,242.93
36119,193.95,80.63,104.55,262.18,189.9
36121,212.75,17.66,21.75,89.22,168.9
36123,263.49,25.53,138.61,294.06,242.6
37001,372.31,86.31,47.13,166.41,248.37
37003,320.7,40.82,97.62,72.69,115.5
37005,402.99,40.22,35.82,149.3,466.23
37007,267.96,29.03,69.98,162.25,334.76
37009,913.98,300.6,37.73,82.71,119.89
37011,301.26,0,0,96,59.05
37013,298.79,40.93,67.95,200.83,293.09
37015,0,41.66,42.8,0,0
37017,314.1,167.17,78.76,218.87,283.76
37019,365.81,40.36,56.59,136.55,210.5
37021,257.73,93.43,86.36,134.88,181.37
37023,316.54,0,40.25,67.28,72.52
37025,300.9,39.35,63.46,141.54,169.61
37027,228.76,87.21,58.73,114.62,214.18
37029,235.72,20.25,83.27,182.34,277.99
37031,329.89,74.68,64.45,65.35,210.19
37033,3.47,112.5,31.89,93.88,173.53
37035,263.31,62.93,54.46,123.21,124.25
37037,109.63,10.74,57.58,95.33,100.31
37039,441.08,119.07,115.29,159.04,183.86
37041,256.5,106.79,137.02,282.1,252.22
37043,471.7,63.31,91.21,81.32,120.77
37045,428.56,116.66,81.18,159.67,212.84
37047,399.6,0,86.77,156.28,284.77
37049,382.61,83.89,70.5,124.51,212.78
37051,323.29,103.75,86.54,147.73,179.45
37053,185.33,94.65,98.94,103.32,131.3
37055,344.11,66.96,77.56,248.6,495.6
37057,229.61,53.9,55,128.75,202.18
37059,172.27,0,38.95,70.19,122.63
37061,366.06,38.39,69.49,159.57,212.72
37063,242.81,107.51,120.01,227.33,272.43
37065,491.09,86.78,108.08,204.74,416.71
37067,305.88,93.48,92.89,193.87,334.17
37069,330.46,95.81,75.65,46.32,254.15
37071,292.11,53.01,72.77,159,253.08
37073,0,39.87,0,0,0
37075,130.6,25.34,39.5,124.68,120.37
37077,218.51,58.68,64.3,138.87,211.49
37079,482.05,32.69,13.24,82.22,152.77
37081,263.33,176.18,141.45,186.86,229.05
37083,298.72,18.6,84.92,185.96,260.72
37085,229.3,18.68,45.7,117.79,122.96
37087,312.31,38.16,75.12,127.28,130.31
37089,241.46,76.63,35.13,103.03,183.49
37091,536.64,13.53,74.41,286.43,571.05
37093,403.31,221.05,52.48,157.47,268.02
37095,254.61,30.88,161.34,264.71,178.62
37097,250.09,83.63,70.63,96.46,184.57
37099,196.44,20.48,72.06,42.56,115.47
37101,153.68,91.28,67.28,136.64,205.6
37103,421.15,0,0,117.31,99.95
37105,248.4,89.14,60.39,178.39,266.84
37107,576.48,54.59,74.22,143.33,317.59
37109,253.73,72.18,57.32,116.21,136.39
37111,323.76,88.81,85.8,113.96,226.39
37113,211.88,0,20.3,37.35,170.18
37115,326.94,19.64,72.77,80.49,136.88
37117,784.39,59.92,56.42,307.15,448.79
37119,214.49,123.74,83.98,343.29,279.26
37121,323.68,83.62,63.95,165.18,226.36
37123,416.88,194.36,130.06,121.56,248.64
37125,231.18,33.4,96.52,120.6,211.94
37127,329.5,103.9,68.47,210.69,291.98
37129,335.4,81.03,99.21,217.68,247.03
37131,436.85,81.31,92.02,192.4,552.66
37133,235.65,56.08,76.29,86.58,119.15
37135,72.43,46.16,24.24,71.99,66.5
37137,454.37,0,33.31,141.63,271.29
37139,235.69,20.25,83.26,182.36,278.07
37141,203.94,18.3,75.2,138.77,192.42
37143,235.67,20.24,83.25,182.41,278.04
37145,541.16,43.5,50.12,141.16,339.49
37147,339.53,71.67,78.2,148.3,263.41
37149,233.16,143.84,101.11,171.26,182.37
37151,225.56,32.53,51.57,86.46,174.62
37153,277.03,85.12,90.12,208.07,378.41
37155,430.22,64.08,105.58,181.02,416.2
37157,253.73,39.38,71.38,129.82,242.77
37159,309.91,51.65,62.46,104.73,227.57
37161,478.82,107.89,41.99,145.88,247.26
37163,524.15,67.66,100.07,162.06,191.2
37165,457.48,155.05,103.67,277.16,367.73
37167,198.41,35.83,55.67,79,169.65
37169,191.08,33.48,40.39,59.31,95.81
37171,268.34,45.88,47.77,146.27,155.32
37173,597.99,110.95,177.1,293.1,470.84
37175,353.47,55.43,70.09,126.42,172.89
37177,205.9,0,56.98,149.06,160.02
37179,144.03,46.99,77.23,202.22,121.25
37181,545.97,25.25,85.48,271.85,440.96
37183,172.47,64.6,65.55,131.55,186.35
37185,225.3,88.84,121.28,168.93,235.79
37187,254.6,24,36.24,122.1,211.24
37189,195.62,60.16,31.48,66.21,102.5
37191,261.89,97.21,75.7,136.05,240.68
37193,273.25,50.85,57.29,113.85,152.9
37195,381.56,94.88,59.88,143.95,360.28
37197,135.37,44.37,73.86,77.52,107.24
37199,288.13,63.36,64.88,54.1,119.68
39001,330.42,46.1,123.76,137.41,156.85
39003,332.12,120,114.98,215.41,323.49
39005,294.36,85.63,106.54,155.54,151.07
39007,208.3,59.3,40.55,167.17,155.51
39009,171.66,38.05,26.06,59.58,165.28
39011,186.72,44.18,54.47,72.15,179.54
39013,227.17,40.23,46.81,62.92,144.54
39015,259.42,0,118.31,138.67,155.36
39017,229.79,64.31,88.86,123.72,224.22
39019,116.62,47,42.78,140.51,95.64
39021,175.33,86.69,62.88,70.19,90
39023,238.9,56.21,95.24,168.95,196.76
39025,252.79,56.09,52.06,144.92,241.42
39027,263.6,95.8,49.37,85.74,130.05
39029,187.55,62.02,51.97,1.45,250.92
39031,267.44,74.57,77.59,143.85,196.43
39033,424.9,65.96,75.04,105.34,220.05
39035,271.54,111.38,95.54,158.21,223.33
39037,120.5,20.91,37.38,75.19,70.28
39039,566.3,77.9,78.25,218.44,590.6
39041,149.79,44.37,39.92,127.22,124.59
39043,274.87,63.71,74.35,84.34,200.19
39045,272.2,92.2,47.12,57.06,115.61
39047,324.83,136.96,90.15,154.59,206.04
39049,239.73,97.1,111.92,181.36,280.37
39051,566.23,52.01,46.05,218.43,590.5
39053,56.79,63.02,57.25,55.57,105.47
39055,160.21,49.98,67.84,67.1,114.49
39057,209.38,58.16,88.44,122.29,228.36
39059,299.83,76.51,68.93,88.93,240.42
39061,324.57,117.51,140.14,243.97,375.33
39063,187.02,54.72,63.69,107.42,225.07
39065,254.67,68.95,105.27,52.95,35.84
39067,80.96,29.61,45.88,43.91,56.29
39069,566.18,96.59,49.28,218.39,590.55
39071,235.6,95.23,114.21,113.44,126.3
39073,171.67,83.65,81.64,82.05,165.3
39075,114.84,38.82,47.49,64.93,198.71
39077,273.66,37.65,34.57,75.46,201.82
39079,235.72,106.52,47.23,65.67,119.21
39081,215.06,34.82,34.4,52.42,204.86
39083,139.89,96.76,65.75,114.81,108.85
39085,236.21,53.29,48.35,90.09,176.61
39087,162.44,66.55,87.4,105.25,128.59
39089,242.02,40.92,69.6,116.8,171.87
39091,251.19,38.54,39.88,139.46,155.96
39093,211.14,75.14,63.6,116.29,172.75
39095,153.4,182.11,133.36,196.9,119.56
39097,175.32,84.79,59.64,68.26,90.01
39099,371.98,65.66,80.02,137.51,202.91
39101,254.71,108.49,69.15,134.71,210.71
39103,178.77,72.89,44.54,58.66,218.52
39105,178.51,25.85,43.1,49.58,98.77
39107,216.93,9.94,29.23,55.08,69.84
39109,192.01,62.63,79.02,131.78,221.37
39111,0,44.75,31.44,50.73,0
39113,237.01,104.95,95.17,142.86,217.04
39115,171.66,28.22,46.34,57.6,165.22
39117,176.78,178.52,64.32,86.12,539.66
39119,387.69,58.19,67.78,124.65,199.84
39121,222.74,0,46.85,81.03,149.84
39123,344.81,45.02,77.72,174.9,313.19
39125,214.17,62.42,77.29,135.52,148.09
39127,171.63,31.87,39.42,66.2,165.29
39129,307.05,63.68,105.46,51.47,180.55
39131,235.19,83.53,59.28,22.13,134.88
39133,136.94,55.02,53.42,32.52,131.88
39135,242.93,33.24,46.22,53.03,172.38
39137,243.94,34.89,36.33,43.59,93.86
39139,293.98,141.11,79.53,132.69,129.24
39141,311.36,83.48,94.7,116.75,202.98
39143,189.2,53.19,63.9,180.63,188.97
39145,235.14,99.13,66.16,137.89,134.86
39147,404.97,44.52,63.97,122.14,197.37
39149,299.37,109.19,48.39,132.88,355.98
39151,178.84,93.3,68.04,106.96,171.23
39153,186.63,73.75,67.29,81.2,242.84
39155,235.93,53.28,48.82,46.41,151.65
39157,173,60.35,73.09,66.51,138.76
39159,175.31,111.19,61.47,79.28,90.02
39161,0,34.69,0,0,0
39163,171.73,90.24,26.07,59.56,165.18
39165,189.95,74.62,69.81,89.27,163.97
39167,178.46,86.36,73.66,117.68,98.77
39169,152.64,33.85,70.02,121.51,142.86
39171,566.15,56.16,58.04,218.45,590.58
39173,152.39,55.87,35.24,84.74,103.25
39175,147.94,79.75,74.87,90.44,103.12
41001,373.06,182.27,164.13,193.94,313.76
41003,44.94,18.52,47.86,48.62,74.23
41005,219.07,57.31,52.88,115.9,195.87
41007,264.51,45.4,126.3,182.07,285.69
41009,115.32,69.76,77.02,107.56,201.76
41011,221.36,54.07,102,353.12,500.93
41013,118.77,0,143.92,206.66,195.09
41015,275.09,211.34,134.17,293.36,326.29
41017,205.83,63.6,80.27,117.56,220.21
41019,349.47,104.41,140.69,210.8,280.38
41021,298.78,72.55,152.76,119.39,367.4
41023,277.77,127.44,76.25,117.99,617.92
41025,369.17,179.57,52.41,258.44,263.09
41027,298.81,86.42,105.73,184.82,367.63
41029,140.3,118.89,156.58,301.15,272.21
41031,705.05,95.11,153.26,149.29,210.2
41033,217.34,89.3,200.39,296.46,97.18
41035,275.44,50.59,179.8,117.07,308.11
41037,183.26,75.6,164.3,149.42,164.38
41039,120.42,85.29,133.8,176.99,249.34
41041,561.92,0,104.71,161.66,375.62
41043,218.04,50.03,82.9,75.62,279.42
41045,447.81,152.26,161.99,151.1,441.53
41047,182.23,78.7,95.39,219.09,420.5
41049,259.09,78.7,128.88,121.06,264.92
41051,201.14,188.82,138.63,258.76,407.24
41053,253.55,31.68,128.43,102.47,127.11
41055,298.84,72.61,152.68,119.27,367.27
41057,628.08,287.46,125.23,131.92,576.76
41059,259.11,78.68,128.84,121.08,264.92
41061,222.11,24.88,165.57,203.68,231.74
41063,0,0,0,0,0
41065,298.82,72.58,152.76,119.31,367.62
41067,199.27,53.56,63.53,84.33,195.4
41069,277.8,127.42,76.22,118.03,617.87
41071,284.36,62.07,145.18,140.94,347.91
42001,395.87,66.26,69.91,164.16,330.45
42003,288.94,83.52,48.42,125.16,262.05
42005,310.99,12.92,42.98,85.18,148.24
42007,280.07,43.56,60.81,147.9,175.36
42009,459.56,43.37,70.28,162.56,248.12
42011,434.21,101.71,100.69,249.3,350.38
42013,352.23,70.51,90.42,255.09,287.67
42015,447.85,38.79,60.89,160.42,317.89
42017,254.59,60.75,70.85,215.51,181.91
42019,255.06,17.85,56.65,119.51,148.32
42021,530.44,51.79,90.37,214.84,248.97
42023,0,22.94,60.54,0,0
42025,446.62,22.31,47.88,151.21,238.18
42027,220.76,12.97,33.35,72.6,137.92
42029,275.54,74.9,114.04,210.03,234.88
42031,348.46,21.03,70.7,114.64,203.52
42033,276.11,92.63,132.26,246.94,246.21
42035,852.29,87.98,49.42,162.22,590.79
42037,389,33.83,77.97,149.42,268.79
42039,404.24,66.43,100.66,131.14,292.21
42041,254.04,50.96,74.12,162.71,203.71
42043,676.95,107.4,161.07,374.78,558.77
42045,494.53,72.35,111.05,266.41,395.58
42047,333.4,13.43,18.01,58.59,231.72
42049,351.7,56.83,97.09,149.47,304.87
42051,307.77,48.02,45.57,111.96,176.55
42053,397.47,31.36,103.87,266.42,276.65
42055,387.89,94.71,76.51,187.84,288.62
42057,388,46.32,76.47,187.8,288.58
42059,345.8,45.26,30.81,161.43,237.9
42061,148.05,37.04,53.04,141.11,147.25
42063,316.21,17.83,53.35,77.42,85.9
42065,456.41,30.74,50.12,155.16,218.68
42067,200.21,59,100.77,189.9,117.25
42069,698.13,45.53,73.72,180.27,435.4
42071,291.18,93.12,97,195.44,311.3
42073,475.38,25.21,59.4,153.73,354.16
42075,598.62,89.77,160.41,346.72,568.37
42077,544.22,73.3,98.76,333.75,589.55
42079,335.03,41.72,81.51,179.27,314.08
42081,482.5,30.43,107.79,243.08,391.52
42083,278.26,67.95,58.28,138.95,184.44
42085,359.69,34.16,48.03,122.26,141.33
42087,409.13,101.34,102.14,167.13,227.56
42089,332.76,104.6,78.63,306.08,277.57
42091,352.49,67.16,70.92,203.45,236.09
42093,254.93,29.58,98.02,172.88,264.57
42095,364.27,75.54,105.79,250.75,347.81
42097,449.17,76.52,112.92,281.37,243.14
42099,289.12,28.13,47.23,101.07,217.92
42101,809.62,241.12,242.16,464.23,660.49
42103,523.21,0,53.43,297.85,304.38
42105,419.38,105.36,56.19,95.85,177.56
42107,312.12,59.74,66.83,142.11,195.3
42109,365.49,31.88,30.94,193.42,178.68
42111,196.13,6.44,52.65,134.24,188.66
42113,389.15,33.82,77.99,149.45,268.68
42115,209.11,34.39,61.34,90.69,174.17
42117,399.5,37.28,44.62,135.08,208.87
42119,193.72,31.39,57.23,80.46,121.09
42121,415.32,18.14,49.32,98.54,368.6
42123,397.49,31.34,103.92,266.4,276.55
42125,295.16,49.93,58.26,111.78,207.46
42127,374.26,39.89,84.49,120,176.37
42129,265.24,63.88,20.19,60.93,181.61
42131,381.66,34.87,49.38,224.68,309.69
42133,540.95,68.62,88.08,217.19,345.85
45001,472.74,166.29,151.68,161.84,285.08
45003,306.65,162.01,106.05,185.64,242.51
45005,555.39,258.22,223.33,321.39,381.68
45007,330.24,240.3,201.53,123.08,204.76
45009,322.26,160.02,90.08,197.86,266.75
45011,468.88,118.95,237.61,444.58,477.04
45013,199.82,107.79,90.32,95.34,173.47
45015,275.57,74.06,53.96,100.83,191.58
45017,347.58,97.94,119.44,232.63,342.34
45019,434.27,157.05,97.55,228.55,509.88
45021,492.43,368.32,66.64,156.69,322.32
45023,218.58,165.54,263.94,229.01,351.04
45025,265.95,222.08,91.28,143.91,272.67
45027,261.32,83.02,124.89,203.16,273.9
45029,583.27,104.82,190,275.61,299.21
45031,20.05,200.07,195.46,234.14,283.45
45033,375.14,205.3,210.14,272.92,530.2
45035,194.31,82.03,79.98,117.88,245.92
45037,281.33,119.92,230.19,253.44,243.15
45039,461.28,505.62,322.68,364.59,502.84
45041,303.44,217.04,98.79,232.27,297.36
45043,513.95,56.06,167.26,308.41,396.73
45045,388.91,321.89,99.02,155.76,326.34
45047,457.85,108.67,87.93,158.97,322.06
45049,266.65,0,147.02,300.51,290.97
45051,337.85,111.5,165.67,188.54,337.75
45053,418.9,44.1,132.3,435.48,290.25
45055,362.29,164.37,77.36,173.93,244.44
45057,236.88,156.13,130.24,170.82,243.62
45059,614.4,146.59,93.42,149.41,329.22
45061,0,136.05,76.22,168.92,0
45063,330.74,69.02,61.01,157.25,318.23
45065,315.98,156.32,173.37,86.39,152.39
45067,440.98,212.93,202.66,299.44,485.81
45069,318.72,157.97,139.34,189.5,450.43
45071,381.81,192.6,166.81,278,388.41
45073,301.24,269.16,227.17,222.16,172.52
45075,347.67,97.96,119.49,232.58,342.33
45077,309.48,109.21,157.88,159.04,171.92
45079,324.03,281.42,140.52,223.02,363.64
45081,361.75,70.31,88.97,146.12,331.66
45083,357.78,186.61,59.17,110.71,332.32
45085,458.43,364.54,101.18,232.92,422.16
45087,501.2,392.61,144.63,132.31,198.87
45089,430.49,148.95,49.67,294.36,358.58
45091,257.33,260.46,76.32,105.81,288.83
47001,679.75,51.51,77.78,166.6,215.26
47003,724.81,103.92,138.69,216.27,511.66
47005,755.97,40.69,119.01,272.08,480
47007,987.5,0,50.52,83.38,129.29
47009,459.53,51.16,61.23,87.06,314.82
47011,535.97,93.05,123.97,301.29,328.7
47013,547.13,88.71,114.16,136.04,307.74
47015,602.14,0,46.2,214.03,504.39
47017,662.92,189.81,154.8,310.89,426.33
47019,756.13,124.75,138.58,235.4,383.82
47021,417.72,174.09,233.87,354.44,446.91
47023,558.76,16.34,97.57,221.03,238.4
47025,824.7,100.3,27.6,87.21,226.36
47027,533.96,171.4,90.37,280.2,178.77
47029,612.87,70.3,155.58,208.06,525.66
47031,670.51,157.76,263.15,324.56,530.04
47033,677.23,176.74,182.48,300.99,582.04
47035,643.31,24.42,81.26,149.48,338.23
47037,413.98,151.34,219.29,555.76,690.5
47039,523.56,225.62,97.63,182.84,233.46
47041,861.58,146.28,242.62,227.98,487.71
47043,903.81,75.98,215.8,295.79,590.63
47045,805.06,169.29,241.75,346.72,471.45
47047,455.16,141.48,230.89,383.05,502.66
47049,465.41,120.22,65.03,139.6,189.92
47051,499.02,70.8,100.82,149.53,226.59
47053,616.22,172.77,168.5,327.18,519.79
47055,836.73,169.28,106.08,183.59,519.89
47057,639.67,46.39,85.42,131.35,188.44
47059,846.6,130.56,169.23,382.87,344.16
47061,682.23,250.71,184.03,176.87,171.78
47063,920.46,161.94,177.3,500.16,385.61
47065,491.47,243.77,219.57,429.57,466.77
47067,2192.68,122.07,124.08,1593.83,2357.5
47069,846.83,132.78,216.91,356.19,476.39
47071,798.22,89.32,136.17,318.62,336.18
47073,674.42,103.22,84.9,150.71,124.36
47075,1033.11,147.6,238.8,511.16,694.78
47077,1027.65,93.26,161.09,278.81,303.34
47079,858.15,83.7,239.3,285.25,571.41
47081,767.33,387.03,237.04,348.18,359.93
47083,575.37,199.49,159.29,268.36,340.95
47085,453.87,253.1,136.62,222.03,312.24
47087,1458.28,300.84,204.71,145.41,304.67
47089,803.52,43.61,150.54,191.55,269.56
47091,1149.33,41.83,87.57,263.89,421.71
47093,345.69,168.71,173.95,239.72,188.11
47095,784.11,345.42,361.58,469.21,495.25
47097,760.27,213.55,279.69,264.85,390.87
47099,923.18,0,83.51,182.11,188.29
47101,654.11,0,174.06,184.77,500.94
47103,554.51,13.28,144.93,388.07,485.79
47105,452.46,136.44,161.67,185.28,264.97
47107,785.09,45.49,66.26,251.72,207.86
47109,498.12,176.69,129.17,153.3,402.69
47111,933.06,79.45,159.62,228.88,376.56
47113,692.23,77.62,152.79,314.71,675.96
47115,713.94,63.82,141.14,195.97,333.69
47117,824.82,130.95,158.68,238.63,465.71
47119,620.63,159.08,137.01,204.91,307.92
47121,918.65,30.46,197.53,310.84,473.34
47123,628.93,137.69,68.62,342.58,335
47125,351.43,43.64,93.99,303.08,281.47
47127,500.12,44.6,201.74,264.26,342.68
47129,387.07,144.04,104.21,170.26,179.03
47131,410.26,76.72,88.75,243.5,365.09
47133,1043.18,154.3,127.7,256.5,324.98
47135,822.54,0,0,167.06,290.28
47137,309.21,43.84,147.77,104.49,156.84
47139,1164.31,410.17,73.74,328.01,387.27
47141,459.03,76.53,108.49,198.47,352.4
47143,711.55,47.66,137.54,293.36,340.3
47145,548.8,12.35,46.26,126.37,230.01
47147,935.25,201.97,114.2,188.09,367.35
47149,462.94,39.7,46.71,306,516.25
47151,780.92,172.41,96.17,222.11,215.54
47153,1244.18,129.37,127.5,114.81,226.29
47155,830.7,50.61,122.5,227.53,402.8
47157,875.69,216.26,232,894.75,971.05
47159,955.06,196.13,141.34,177.7,324.48
47161,246.28,0,0,156.2,166.11
47163,628.77,117.34,139.33,306.26,458.33
47165,555.06,104.22,131.29,261.12,279.89
47167,1372.99,75.2,165.96,836.8,919.51
47169,738.08,94.19,271.63,320.09,551.31
47171,818.52,262.83,184.8,314.79,382.54
47173,705.6,146.6,68.38,143.79,256.54
47175,982.04,85.4,132.06,273.8,361.14
47177,1046.19,127.24,323.98,358.41,544.13
47179,104.47,102.59,122,182.11,574.99
47181,1026.23,106.09,74.41,196.06,256
47183,448.88,92.14,107.46,156.99,186.4
47185,1181.32,197.73,172.47,248.07,467.67
47187,268.82,70.92,113.62,190.38,308.76
47189,363.83,78.65,80.54,131.79,207.28
48001,277,153.63,100.22,215.66,284.85
48003,129.81,74.37,117.85,270.58,483.72
48005,426.4,67.22,80.24,189.5,228.79
48007,683.87,56.41,136.24,291.51,386.18
48009,336.58,295.68,66.3,92.61,79.2
48011,170.94,0,0,271.49,295.33
48013,371.04,93.94,77.68,341.11,322.74
48015,260.63,380.81,88.05,238.58,198.19
48017,935.48,180.87,143.8,177.88,418.04
48019,397.57,0,0,143.88,175.19
48021,293.62,71.3,53.88,269.08,274.69
48023,336.53,66.38,70.87,392.16,79.19
48025,245.72,42.5,91.42,435.48,231.5
48027,338.78,77.67,120.92,338.74,339.44
48029,311.58,137.13,112.93,302.74,385.65
48031,346.54,193.05,122.17,144.26,92.97
48033,407.1,0,155.32,385.28,401.37
48035,266.95,15.81,53.2,191.64,252.35
48037,433.55,112.66,142.06,550.65,1415.34
48039,326.77,111.14,108.8,277.7,333.42
48041,365.15,176.3,82.76,250.2,347.1
48043,14.49,255.4,113.79,0,135.19
48045,0,0,0,0,0
48047,6397.71,21.32,108.68,186.95,324.03
48049,637.75,32.24,106.06,258.19,281.97
48051,580.09,53.37,65.34,214.95,414.27
48053,340.57,0,106.76,277.17,316.51
48055,575.98,37.49,112.06,353.32,597.58
48057,349.85,84.4,118.41,266.97,494.33
48059,71.66,404.77,82.51,77.44,74.61
48061,362.35,208.73,165.44,274.32,263.56
48063,328.34,132.51,92.46,151.44,305.34
48065,643.09,52.03,110.34,210.69,248.08
48067,466.35,150.37,72,245.99,356.55
48069,243.36,33.86,190.48,295.22,359.18
48071,375.88,144.02,147.9,454.51,521.13
48073,478.33,118.1,85.99,230.54,375.1
48075,1043.84,132.07,115.87,252.33,543.51
48077,290.25,0,23.71,256.07,304.19
48079,163.31,95.57,76.98,207.37,308.91
48081,0,54.35,0,0,0
48083,139.39,88.45,118.06,154.44,166.57
48085,143.62,69.93,67.31,137.51,174.35
48087,550.05,414.31,247.49,250.65,485.88
48089,379.51,97.62,68.04,152.25,564.01
48091,347.29,20.26,52.58,216.68,257.34
48093,821.33,88.4,89.52,308.14,1701.3
48095,456.23,58.64,83.7,235.94,451.57
48097,321.32,106.01,91.26,208.07,360.78
48099,137.23,39.42,27.99,86.43,102.04
48101,0,497.79,97.92,228.38,0
48103,397.09,149.37,197.82,630.98,483.57
48105,523.14,0,169.78,322.96,570.47
48107,200.29,158.51,85.29,208.88,283.64
48109,695.41,822.2,335.64,658.51,535.33
48111,229.15,56.16,81.07,246.08,160.72
48113,367.46,203.63,148.55,453.35,462.04
48115,461.37,199.56,43.25,253.62,350.61
48117,596.4,313.45,229.45,636.6,799.8
48119,510.53,36.5,38.4,103.76,324.02
48121,184.56,50.48,40.85,116.87,227.55
48123,606.63,85.98,124.75,314.22,320.2
48125,191.7,140.38,45.33,59.92,3677.04
48127,573.76,80.86,108.27,65.84,202.65
48129,454.75,0,131.47,221.05,536.23
48131,365.48,0,87.68,215.53,211.21
48133,630.09,76.28,144.83,295.01,303.3
48135,659.76,155.76,183.96,239.4,652.45
48137,742.12,85.91,502.81,773.8,1216.08
48139,377.56,51.71,116.94,225.04,323.65
48141,362.48,161.38,116.56,248.08,298.64
48143,249.93,27,58.7,246.36,260.7
48145,274.92,94.26,88.44,147.88,241.86
48147,416.01,92.14,65.3,169.68,139.18
48149,182.82,49.32,54.44,309.39,241.29
48151,302.64,27.25,88.78,232.9,339.05
48153,0,16.1,136.72,231.24,0
48155,0,226.93,206.63,213.22,0
48157,187.5,111.72,65.81,184.48,198.49
48159,521.41,98.2,63.6,278.02,906.76
48161,445.49,48.67,261.92,278.75,285.54
48163,410.4,133.67,129.8,1166.79,1860.05
48165,147.38,129.5,132.96,294.5,186.06
48167,431.89,129.54,192.99,319.41,490.49
48169,1334.57,126.16,50.91,130.67,339.21
48171,70.15,84.27,45.31,123.07,78.02
48173,243.01,0,0,175.44,128.91
48175,638.03,35.57,31.81,369.02,851.36
48177,700.54,21.79,56.47,113.29,175.13
48179,358.79,101.35,57.84,114.89,335.48
48181,472.28,144.37,70.98,152.06,337.14
48183,800.51,74.39,118.94,255.86,517.74
48185,387.73,92.32,81.84,180.78,288.31
48187,300.09,169.05,49.98,180.74,100.71
48189,393.44,64.98,120.34,461.23,629.26
48191,273.07,147.89,124.25,162.14,356.8
48193,252.74,269.21,79.8,260.93,382.25
48195,89.53,51.41,79.64,79.75,91.38
48197,328.54,308.48,116.63,147.32,194.55
48199,355.51,22.28,62.71,152.29,263.73
48201,294.4,220.37,163.89,287.87,364.71
48203,569.82,144.38,87.91,222.72,333.91
48205,229.14,115.21,81.87,63.75,160.72
48207,6671.26,64.7,72.28,143.97,2069.3
48209,216.43,79.21,49.65,346.27,360.16
48211,193.55,107.3,158.64,201.53,66.98
48213,700.69,94.14,110.25,180.42,390.62
48215,215.5,118.81,77.93,223.62,165.92
48217,624.94,68.4,81.46,291.29,359.45
48219,492.71,71.58,98.65,241.74,330.76
48221,436.2,0,134.1,207.3,407.96
48223,404.18,72.94,109.48,273.38,380.91
48225,609.25,57.01,75.24,288.38,437.82
48227,230.8,58.26,52.92,109.81,165.92
48229,5294.41,503.24,452.92,390.24,262.15
48231,476.48,92.89,117.76,159.17,371.64
48233,419.89,141.31,138.44,281.91,309.93
48235,543.29,82.16,141.87,177.72,463.31
48237,240.22,51.24,121.98,296.66,531.17
48239,690.42,102.92,134.12,560.53,468.65
48241,376.52,252.54,54.29,82.59,127.57
48243,0,0,0,0,0
48245,433.06,141.13,177.76,482.96,836.14
48247,382.41,187.76,350.3,342.17,356.42
48249,223.06,30.76,87.17,84.05,73.02
48251,428.06,50.66,34.65,383.79,329.43
48253,245.36,74.8,81,219.92,185.92
48255,115.84,65.88,177.91,189.11,186.73
48257,440.23,129.49,95.89,286.72,460.44
48259,187.44,0,0,195.86,228.97
48261,526.06,53.62,64.18,148.64,462.4
48263,1335.17,126.2,50.89,130.72,339.07
48265,466.14,168.97,123.68,295.37,384.37
48267,343.91,182.56,82.41,346.72,512.73
48269,191.65,350.88,45.33,59.92,3678.44
48271,368.83,175.59,825.49,331.68,106.38
48273,525.71,53.48,64.11,148.81,460.96
48275,360.69,123,132.93,165.91,228.6
48277,494.07,90.72,86.1,401.71,564.47
48279,511.14,67.95,111.22,183.96,334.87
48281,203.68,0,124.02,239.68,329.29
48283,0,0,0,712.2,0
48285,217.85,0,58.92,81.26,141.77
48287,373.48,0,105.94,155.04,156.33
48289,307.47,124.82,84.31,225.7,374.37
48291,427.14,84.75,124.37,282.34,396.35
48293,931.82,0,112.87,505.4,6020.19
48295,135.2,0,0,54.08,73.71
48297,604,110.18,178.71,252.7,278.53
48299,478.38,0,63.63,173.23,222.91
48301,914.29,112.28,117.07,267.76,337.5
48303,592.18,160.15,131.9,357.2,418.18
48305,399.54,79.33,35.45,214.23,442.93
48307,429.45,42.57,256.03,283.69,281.9
48309,526.39,123.97,155.16,338.35,460.93
48311,603.47,110.21,178.71,252.57,278.36
48313,364.61,42.24,39.38,205.24,426.77
48315,518.13,63.6,64.12,97.87,280.09
48317,210.72,144.14,104.97,150.94,156.04
48319,42.19,0,105.57,168.78,166.59
48321,557.3,48.53,63.5,321.16,361.83
48323,290.95,159.08,0,0,0
48325,250.27,120.63,102.48,88.75,138.19
48327,419.11,272.29,359.4,209.51,542.58
48329,363.52,149.81,147.12,299.24,360.46
48331,699.25,0,57.42,274.18,358.76
48333,143.52,84.25,150.4,223.97,202.2
48335,255.88,156.1,127.51,287.96,229.3
48337,539.29,22.46,88.39,274.22,343.36
48339,324.89,35.79,70.23,254.49,306.9
48341,241.96,22.53,125.81,227.5,259.71
48343,349.24,0,61.5,321.96,503.91
48345,0,166.67,0,0,0
48347,532.55,107.12,82.39,202.78,561.03
48349,702.28,78.36,79.59,369.77,472.7
48351,152.77,30.55,30.25,2269.5,7828.85
48353,463.11,20.82,233.57,119.16,457.92
48355,402.6,81.96,84.63,308.07,386.65
48357,370.7,236.17,104.04,246.91,302.15
48359,144.72,361.01,245.5,248.36,362.58
48361,332.98,124.98,63.12,193.26,396.95
48363,548.21,100.99,102.86,396.11,767.06
48365,365.4,0,37.66,162.83,305.23
48367,387.09,92.85,68.59,262.61,268.18
48369,511.18,113.1,137.7,156.54,216.67
48371,256.87,361.1,103.63,231.45,31.48
48373,1193.36,192.63,70.81,276.9,323.72
48375,616.25,274.85,338.69,594.33,780.54
48377,70.91,256.6,895.92,0,76.47
48379,315.65,87.91,254.14,383.39,281.73
48381,387.49,65.18,39.34,139.18,223.16
48383,2504.91,47.96,37.98,201.87,747.35
48385,0,0,0,0,0
48387,341.84,87.72,21.82,221.79,643.01
48389,626.86,707.12,269.12,890.91,12823.57
48391,869.76,158.42,235.78,349.49,886.38
48393,193.53,509.34,264.92,201.54,66.98
48395,277.61,102.85,95.49,354.04,314.04
48397,289.47,96.02,69.82,223.08,309.12
48399,456.22,58.64,83.69,235.99,451.46
48401,250.91,140.28,55.23,206.82,263.47
48403,239.89,72.76,34.67,124.13,249.38
48405,393.08,0,69.88,155,156.94
48407,365.29,80.84,105.84,244.62,208.58
48409,514.96,90.92,113.99,263.19,292.7
48411,86.73,130.17,136.9,114.94,132.42
48413,459.89,0,80.55,449.57,666.67
48415,406.88,62.15,155.15,385.45,401.85
48417,768.49,50.23,202.02,264.55,340.31
48419,337.31,44.31,63.12,364.23,325.45
48421,103.2,366.3,68.69,113.06,155.76
48423,494.4,161.47,143.17,387.63,621.57
48425,727.4,63.29,170.81,267.58,468.27
48427,325.89,71.63,70.77,124.61,301.49
48429,287.75,61.86,159.28,175.27,281.04
48431,291.35,312.01,198.14,38.62,408.4
48433,250.31,67.07,85.78,244.33,472.33
48435,280.34,106.78,119.94,390.54,239.02
48437,299.27,98.96,92.17,371.17,437.31
48439,259.08,163.11,119.73,258.36,378.97
48441,571.51,145.44,136.54,417.8,475.7
48443,360.36,1737.62,102.14,214.29,669.76
48445,740.83,120.7,111.16,0,277.57
48447,6670.69,64.71,72.29,144,2069.61
48449,479.26,70.32,121.8,334.62,877.75
48451,544.26,82.29,142.24,177.68,463.48
48453,313.42,118.7,95.23,303.38,428.39
48455,82.36,139.96,72.66,68.67,79.09
48457,250.72,99.83,70.52,254.32,212.43
48459,606.48,71.43,68.56,278.7,523.37
48461,2199.9,35.16,34.77,233.7,327.26
48463,787.45,282.4,153.88,220.9,291.78
48465,66.77,741.55,115.09,193.7,195.11
48467,484.04,91.11,83.91,318.34,390.54
48469,593.78,33.78,95.96,169.69,481.57
48471,119.25,62.15,59.71,165.53,318.86
48473,220.39,53.55,77.14,334.26,386.58
48475,744.35,87.98,326.5,435.87,236.76
48477,391.85,0,16.25,183.52,312.4
48479,302.64,725.52,259.29,858.53,116.48
48481,456.13,105.89,76.4,143.51,394.43
48483,85.84,53.86,48.11,237.95,310.83
48485,528.43,105.72,112.01,258.06,441.52
48487,393.17,110.04,101.87,107.05,181.81
48489,389.45,114.97,101.6,192.42,360.18
48491,193.7,74.23,72.4,192.69,290.81
48493,151.26,67.54,44.98,0,189.44
48495,913.89,112.43,116.6,268.44,338
48497,434.24,69.1,65.79,233.97,257.69
48499,431.26,89.02,85.31,166.78,327.04
48501,283.69,65.86,90.62,196.11,257.58
48503,715.95,11.02,61.09,220.57,471.64
48505,948.53,0,0,0,103.84
48507,850.16,188.03,179.21,200.27,178.14
51001,468.07,59.15,126.67,329.21,422.82
51003,617.15,89.13,228.83,392.85,533.93
51005,762.83,346.51,142.43,210.28,283.87
51007,992.34,96.94,106.43,315.41,452.65
51009,405.41,107.88,72.77,203.73,308.66
51011,276.3,33.77,134.58,252.82,327.27
51013,268.69,56.83,114.01,256.26,332.05
51015,324.01,154.65,129.97,232.54,270.7
51017,762.99,410.48,57.52,117.98,283.93
51019,1073.99,96.22,86.24,149.9,541.26
51021,853.5,0,0,124.69,245.32
51023,389.87,44.92,96.13,155,236.91
51025,531.4,152.42,57.47,218.81,350.96
51027,965.07,98.98,119.48,150.36,155.94
51029,0,0,0,0,0
51031,1074.06,61.37,83.9,166.69,541.3
51033,1477.2,133.12,161.43,212.83,1845.97
51035,852.37,104.17,90.63,152.97,245.57
51036,2691.27,0,0,0,1866.64
51037,899.14,96.43,67.87,163.31,322.44
51041,138.35,77.76,95.96,200.75,185.47
51043,146.12,98.83,80.01,298.36,0
51045,389.81,44.92,96.12,154.97,236.87
51047,275.5,157.76,100.91,263.24,226.12
51049,991.92,96.94,106.42,315.24,452.63
51051,965.04,102.9,95.78,214.55,504.32
51053,328.87,107.07,97.21,310.8,302.61
51057,957.98,45.53,117.28,270.12,710.69
51059,156.64,39.41,56.52,131.66,134.36
51061,146.11,80.96,67.83,211,186.74
51063,852.79,50.21,89.35,113.86,245.53
51065,392.03,9.51,25.33,144.25,175.28
51067,926.88,79.15,119.17,212.25,253.25
51069,1069.62,246.78,201.94,506.58,656.75
51071,852.51,103.33,136.96,225.16,245.45
51073,379.47,0,0,108.81,349.91
51075,484.59,48.76,92.3,229.99,457.64
51077,852.23,50.88,59.19,100.61,245.61
51079,392.1,9.5,25.32,144.25,175.25
51081,0,193.8,332.01,760.83,0
51083,1073.91,127.25,133.96,215.72,541.29
51085,610.52,130.86,92.79,200.7,392.41
51087,484.24,48.75,92.25,229.84,457.87
51089,489.04,40.43,93.48,159.97,285.58
51091,324.32,0,52.8,220.32,270.26
51093,648.06,0,126.63,279.09,567.91
51095,0,80.41,0,0,0
51097,957.9,45.54,117.3,270.13,710.86
51099,1315.62,0,108.87,202.17,366.94
51101,0,0,0,0,0
51103,491.53,74.38,171.02,392.91,365.26
51105,966.17,48.01,125.25,136.63,108.72
51107,147.09,95.51,84.78,128.89,123.97
51109,391.98,154.08,148.19,144.26,175.33
51111,992.28,43.27,126.71,315.36,452.7
51113,392.06,9.51,25.33,144.32,175.31
51115,958.06,45.53,117.3,270.1,710.8
51117,602.76,222.94,233.64,338.14,515.69
51119,957.86,45.54,117.28,270.08,710.85
51121,122.24,90.2,46.31,114.46,196.84
51125,616.97,173.79,58.76,92.62,534.05
51127,484.59,48.79,92.31,229.91,458.06
51131,719.61,35.75,132.11,409.81,652.93
51133,834.38,0,133.2,228.91,437.72
51135,991.98,155.17,114.35,315.33,452.65
51137,392,9.5,25.33,144.26,175.3
51139,547.53,166.57,131.21,211.45,270.07
51141,629.82,52.65,87.94,157.51,202.74
51143,275.49,93.95,136.97,167.36,302.23
51145,0,0,0,0,0
51147,992.2,96.93,106.42,315.26,452.68
51149,0,0,0,0,0
51153,283.85,31.77,117.14,230.99,220.52
51155,852.32,0,85.29,242.65,245.55
51157,494.09,64.41,160.07,265.96,271.78
51159,834.37,51.53,102.29,198.42,437.73
51161,926.82,57.38,72.11,221.53,340.17
51163,424.07,105.26,91.29,146.77,303.14
51165,646.59,114.98,92.9,160.41,428.38
51167,965.2,124.73,85.36,142.2,321.89
51169,965.92,136.58,123.66,119.51,410.21
51171,375.45,0,83.77,210.53,278.61
51173,965.54,164.46,93.88,194.88,108.69
51175,882.11,207.49,164.84,434.17,1002.07
51177,1315.96,0,108.9,202.23,366.83
51179,0,56.78,89.95,195.03,0
51181,2693.12,0,0,0,1866.87
51183,669.3,105.79,254.58,638.59,569.35
51185,965.62,63.25,92.93,118.42,443.04
51187,657.97,254.69,206.48,340.55,276.68
51191,965.76,22.99,90.31,121.55,108.71
51193,834.37,70.13,123.13,200.98,437.75
51195,965.43,126.52,89.03,176.86,108.71
51197,852.67,602.93,115.54,153.53,245.51
51199,698.3,133.16,106.97,143.96,523.16
51510,237.38,141.58,134.7,429.22,270.08
51520,1396.37,0,333.86,637.72,616.88
51530,423.99,105.28,91.31,146.77,303.09
51540,0,207.31,0,0,0
51550,682.26,137.46,148.82,314.81,421.17
51570,2692.71,0,0,0,1866.63
51580,0,0,0,0,0
51590,1765.46,417.01,386.27,604.4,1126.52
51595,5955.06,0,0,0,3335.36
51600,0,0,0,0,0
51610,268.92,56.86,113.96,256.05,332.18
51620,648.42,0,126.57,279.13,567.86
51630,1315.83,0,108.89,202.23,366.86
51640,852.66,0,85.32,242.72,245.38
51650,456.88,0,113.11,275.63,318.96
51660,0,0,0,0,0
51670,2692.09,0,0,0,1866.74
51678,424.03,105.25,91.29,146.78,303.1
51680,0,113.61,160.93,238.92,0
51683,283.68,0,0,231.09,220.56
51685,284.04,0,0,231.05,220.34
51690,973.79,0,360.85,726.95,1258.87
51700,530.08,170.96,226.09,411.72,644.15
51710,789.02,302.52,198.6,546.28,936.72
51720,963.59,22.98,90.28,121.5,108.8
51730,2692.27,462.39,632.74,1275.08,1083.83
51735,698.14,0,0,308.06,523.31
51740,1376.97,0,245.78,731.48,1172.98
51750,852.36,0,25.24,69.57,245.51
51760,809.58,281.06,395.52,786.27,1225.73
51770,918.44,43.77,247.53,462.85,829.43
51775,0,0,0,0,0
51790,4073.91,0,0,0,0
51800,648.14,0,126.63,279.1,567.9
51810,547.95,46.83,65.71,171.14,337.01
51820,323.97,154.67,130,232.54,270.75
51830,698.46,0,384.84,308.08,523.2
51840,146.07,0,0,0,0
53001,166.17,0,0,176.52,175.13
53003,364.62,0,0,142.21,185.59
53005,469.43,50.04,59.99,151.66,233.21
53007,511.99,138.49,283.72,475.33,487.2
53009,271.45,57.11,135.94,213.98,315.83
53011,229.56,73.54,106.58,265.53,259.99
53013,291.67,0,65.01,106.56,144.41
53015,409.45,99.38,80.71,288.98,379.99
53017,345.03,19.26,116.15,0,278.84
53019,611,262.12,220.36,218.74,287.42
53021,311.02,142.12,258.41,392.1,424.16
53023,507.25,0,0,0,351.86
53025,372.2,97.89,106.53,211.45,410.93
53027,380.25,60.92,138.17,186.94,397.5
53029,103.97,36.36,76.86,97.79,105.13
53031,277.14,0,116.53,226.11,246.19
53033,175.9,97.66,98.77,172.94,211.92
53035,245.21,61.98,75.15,161.1,189.73
53037,325.57,114.71,141.56,223.13,299.07
53039,290.92,54.98,200.44,295.33,373.79
53041,420.81,78.09,131.81,215.77,425.41
53043,357.67,104.51,75.36,202.97,194.14
53045,306.33,38.63,98.76,234.01,256.47
53047,345.06,185.97,116.17,0,278.84
53049,325.22,146.74,103.53,280.01,292.12
53051,377.93,28.33,145.33,191.11,293.69
53053,184.06,105.01,75.73,192.37,265.34
53055,104,36.36,76.86,97.8,105.13
53057,290.72,97.22,61.95,189.37,219.08
53059,373.83,28.22,143.94,215.26,356.2
53061,215.54,84.34,52.21,128.72,193.37
53063,265.6,158.48,152.76,273.54,330.82
53065,148.21,109.67,81.53,98.56,145.03
53067,220.11,52.89,92.29,195.85,311.87
53069,442.28,143.68,104.55,142.93,398.13
53071,183.71,37.7,59.12,120.3,220.29
53073,276.26,87,93.98,190.98,200.2
53075,74.45,40.49,30.49,84.35,123.51
53077,463.2,171.94,179.73,344.47,437.93
54001,497.34,82.03,34.52,83.67,172.43
54003,315.54,107.98,119.7,149.49,247.11
54005,581.54,65.52,81.03,115,429.09
54007,452.22,161.1,80.77,120.05,270.69
54009,267.79,67.19,55.05,111.54,184.83
54011,361.78,109.34,96.49,142.14,118.94
54013,452.4,48.18,71.19,163.5,270.52
54015,452.12,75.47,80.78,120.02,270.62
54017,242.41,110.71,124.92,3409.76,556.69
54019,318.67,100.26,87.87,154.84,211.64
54021,452.35,41.11,160.66,120.09,270.79
54023,479.85,215.31,55.57,120.38,277.92
54025,318.61,87.67,131.09,115.38,211.66
54027,479.71,71.56,93.68,72.49,277.9
54029,267.85,43.98,53.12,58.67,184.81
54031,479.69,55.71,70.52,72.48,277.93
54033,242.2,97.26,118.44,120.45,557.02
54035,291.03,32.21,70.58,99.02,188.87
54037,315.57,156.41,52.68,149.48,247.1
54039,291.12,113.26,51.25,89.19,188.84
54041,452.29,121.6,134.3,120.06,270.64
54043,361.76,135.28,44.45,142.13,118.93
54045,581.63,35.6,122.63,114.99,429.01
54047,720.15,92.97,184.86,159.84,464.82
54049,242.18,152.42,82.15,153.61,292.04
54051,267.89,64.05,58.29,21.34,184.78
54053,361.87,67.93,30.81,117.62,118.95
54055,318.65,197.08,48.22,162.39,10.13
54057,479.71,104.73,28.67,116.05,277.95
54059,581.7,198.93,95.93,158.98,429.01
54061,242.11,61.12,43.53,77.99,123.1
54063,318.61,14.41,37.66,60.88,211.75
54065,315.56,487.52,67.02,149.56,247.07
54067,452.38,118.73,147.42,120.02,270.58
54069,267.87,75.22,93.28,133.28,184.8
54071,479.58,23.5,28.2,107.19,277.81
54073,241.59,23.33,83.21,170.49,557.18
54075,497.01,115.1,127.62,218.25,184.47
54077,497.25,73.55,103.41,123.5,152.29
54079,361.76,75.7,78.94,118.22,118.92
54081,318.7,165.97,88.2,111.98,211.67
54083,497.25,106.03,74.8,86.05,172.46
54085,0,138.31,55.2,183.71,0
54087,452.39,58.51,84.1,119.99,270.61
54089,318.54,50.38,115.14,177.03,211.66
54091,497.32,108.56,158.73,152.86,313.03
54093,497.68,113.1,82.6,86.03,172.51
54095,242.03,35.11,205.39,76.26,557.23
54097,497.26,100.87,98.96,192.1,172.46
54099,361.8,82.37,53.2,105.69,118.97
54101,452.19,105.76,62.53,120,270.7
54103,267.77,8.34,29.66,104.98,184.83
54105,242.88,128.1,148.34,338.27,557.34
54107,242.1,56.81,63.05,122.32,164.65
54109,318.85,113.58,66.28,77.7,211.6
55001,475.85,115.34,87.98,150.42,566.79
55003,521.17,42.3,72.58,211.1,561.99
55005,439.01,30.74,78.31,127.9,291.3
55007,244.5,15.02,59.07,105.42,279.34
55009,382.37,62.57,50.29,165.52,324.68
55011,193.54,116.73,41.54,107.66,201.03
55013,286.66,76.88,40.6,225.13,294.02
55015,119.51,13.01,32.54,94.32,165.73
55017,306,33.05,40.23,94.02,246.27
55019,253.88,24.14,53.65,77.61,193.02
55021,379.79,43.54,64.49,157.86,368.03
55023,213.47,58.86,80.33,127.71,239.68
55025,204.82,63.81,70,194.81,293.09
55027,304.01,17.26,45.49,114.43,227.23
55029,390.49,17.09,37.32,105.89,243.93
55031,559.37,76.95,103.09,161.81,256.15
55033,243.94,81.5,63.52,74.63,343.18
55035,315.33,49.17,92.22,173.24,337.78
55037,354.23,0,0,0,0
55039,376.64,24.28,48.49,148.73,249.37
55041,1073.34,208.29,139.81,154.44,1170.07
55043,156.1,60.59,56.51,138.56,178.49
55045,218.01,13.02,63.13,125.99,213.84
55047,475.82,10.13,19.9,226.75,256.82
55049,248.87,103.25,52.09,137.37,282.49
55051,228.9,130.79,47.4,156.86,306.07
55053,326.15,90.96,109.32,240.55,448.76
55055,253.88,68.88,55.8,149.6,330.18
55057,362.19,77,122.28,108.44,180.75
55059,453.1,77.93,106.7,297.51,547.87
55061,115.6,18.39,61.78,127.33,169.83
55063,247.91,74.76,64.21,147.73,329.05
55065,151.19,31.34,51.96,96.64,208.46
55067,529.8,47.06,68.39,139.62,375.31
55069,735.65,81.97,115.45,159.32,241.64
55071,261.49,29.41,62.53,144.01,389.5
55073,363.68,48.83,49.34,111.64,238.77
55075,514.55,39.09,65.08,170.99,250.96
55077,386.72,20.38,54.21,138.89,456.27
55078,829.18,111.19,86.32,178.29,697.12
55079,386.67,133.1,117.39,295.59,554.81
55081,198.47,77.52,66.98,168.1,227.06
55083,218.3,42.1,71.34,135.36,177.68
55085,363.36,55.93,95.32,175.35,339.57
55087,295.9,41.96,60.75,101.29,461.96
55089,272.77,80.89,64.59,144.62,244.21
55091,352.19,0,0,83.91,236.33
55093,89.02,43.56,53.78,91.84,102.58
55095,284.17,19.89,57.9,78.2,212.13
55097,144.41,86.99,58.68,104.55,185.85
55099,233.34,0,122.66,133.6,243.73
55101,534.19,63.89,97.38,188.26,459.69
55103,272.23,51.35,81.83,171.68,247.01
55105,450.05,74.71,99.39,375.98,443.07
55107,481.1,50.24,61.64,202.89,288.35
55109,142.47,51.83,51.18,98.69,189.14
55111,386.87,58,74.68,129.86,403.57
55113,729.85,109.55,123.17,233.71,542.77
55115,829.07,111.26,86.28,178.26,697.16
55117,311.65,71.97,69.02,135,311.59
55119,303.6,0,58.09,110.78,256.04
55121,161.19,54.29,64.28,116.19,199.75
55123,401.23,14.39,39.8,103.65,134.72
55125,589.47,31.73,79.33,175.69,401.56
55127,430.39,71.95,67.35,186.75,417.08
55129,200.08,33.09,37.72,110.73,372.47
55131,285,65.78,43.43,105.02,174.97
55133,197.09,50.71,30.97,115.61,220.48
55135,408.21,76,61.67,130.63,292.91
55137,539.21,47.9,117.03,259.2,399.87
55139,247.51,48.43,64.39,112.21,239.86
55141,374.39,32.03,54.03,163.94,232.46
