"county","pop_2010","pop_1960","pop_1910"
1001,0.18,0.42,0.58
1003,0.09,0.21,0.28
1005,0.47,0.52,0.63
1007,0.22,0.31,0.34
1009,0.01,0.03,0.06
1011,0.7,0.72,0.84
1013,0.43,0.45,0.53
1015,0.21,0.19,0.28
1017,0.39,0.37,0.52
1019,0.05,0.1,0.13
1021,0.1,0.16,0.21
1023,0.43,0.5,0.62
1025,0.44,0.5,0.56
1027,0.15,0.16,0.13
1029,0.03,0.06,0.05
1031,0.17,0.21,0.22
1033,0.16,0.19,0.38
1035,0.46,0.45,0.47
1037,0.31,0.36,0.38
1039,0.12,0.16,0.25
1041,0.23,0.31,0.32
1043,0.01,0.01,0.02
1045,0.19,0.18,0.27
1047,0.69,0.58,0.81
1049,0.02,0.02,0.03
1051,0.2,0.34,0.47
1053,0.32,0.33,0.29
1055,0.15,0.15,0.17
1057,0.11,0.16,0.11
1059,0.04,0.06,0.1
1061,0.09,0.15,0.16
1063,0.81,0.81,0.87
1065,0.59,0.71,0.79
1067,0.29,0.46,0.48
1069,0.26,0.27,0.3
1071,0.03,0.06,0.1
1073,0.42,0.35,0.4
1075,0.11,0.15,0.18
1077,0.1,0.12,0.23
1079,0.11,0.22,0.32
1081,0.23,0.37,0.6
1083,0.13,0.21,0.38
1085,0.74,0.81,0.88
1087,0.83,0.83,0.85
1089,0.24,0.19,0.4
1091,0.52,0.62,0.77
1093,0.04,0.03,0.03
1095,0.02,0.02,0.05
1097,0.35,0.32,0.43
1099,0.42,0.51,0.58
1101,0.55,0.38,0.69
1103,0.12,0.13,0.24
1105,0.69,0.66,0.78
1107,0.42,0.45,0.52
1109,0.37,0.41,0.47
1111,0.2,0.26,0.23
1113,0.42,0.49,0.78
1115,0.09,0.17,0.18
1117,0.11,0.19,0.28
1119,0.75,0.76,0.81
1121,0.32,0.32,0.48
1123,0.27,0.29,0.37
1125,0.3,0.29,0.4
1127,0.06,0.1,0.18
1129,0.25,0.33,0.42
1131,0.73,0.78,0.82
1133,0,0.01,0
2451,0.64,0.35,0.15
2951,0.49,0.29,0.06
5001,0.25,0.25,0.27
5003,0.26,0.37,0.53
5005,0,0,0
5007,0.01,0,0
5009,0,0,0
5011,0.28,0.35,0.32
5013,0.22,0.35,0.34
5015,0,0,0
5017,0.54,0.57,0.8
5019,0.24,0.26,0.31
5021,0,0,0
5023,0,0,0
5025,0.12,0.25,0.32
5027,0.37,0.36,0.46
5029,0.11,0.22,0.37
5031,0.13,0.03,0.05
5033,0.01,0.03,0.09
5035,0.51,0.59,0.85
5037,0.22,0.3,0.44
5039,0.42,0.4,0.37
5041,0.48,0.48,0.79
5043,0.28,0.34,0.54
5045,0.1,0.11,0.19
5047,0.01,0.01,0.02
5049,0,0,0
5051,0.08,0.11,0.17
5053,0.02,0.07,0.11
5055,0.01,0,0
5057,0.29,0.37,0.5
5059,0.11,0.15,0.13
5061,0.21,0.21,0.21
5063,0.02,0.03,0.05
5065,0.01,0.01,0.02
5067,0.17,0.15,0.26
5069,0.55,0.43,0.71
5071,0.01,0.02,0.03
5073,0.37,0.45,0.52
5075,0.01,0.01,0.04
5077,0.55,0.61,0.78
5079,0.3,0.48,0.66
5081,0.19,0.31,0.42
5083,0.01,0.02,0.02
5085,0.06,0.24,0.4
5087,0,0,0
5089,0,0,0
5091,0.25,0.26,0.37
5093,0.34,0.3,0.44
5095,0.41,0.49,0.63
5097,0,0,0.02
5099,0.31,0.36,0.35
5101,0,0,0
5103,0.4,0.38,0.57
5105,0.02,0.03,0.1
5107,0.63,0.58,0.79
5109,0.03,0.04,0.07
5111,0.07,0.1,0.17
5113,0,0,0
5115,0.03,0.03,0.08
5117,0.12,0.18,0.32
5119,0.35,0.21,0.41
5121,0.01,0.01,0.03
5123,0.52,0.57,0.69
5125,0.05,0.06,0.11
5127,0,0,0
5129,0,0,0.01
5131,0.06,0.07,0.1
5133,0.04,0.09,0.14
5135,0.01,0,0.01
5137,0,0,0.01
5139,0.33,0.3,0.45
5141,0,0.01,0.02
5143,0.03,0.01,0.02
5145,0.04,0.04,0.08
5147,0.27,0.41,0.58
5149,0.01,0.04,0.07
5151,0.22,0.11,0.27
5152,0.06,0.07,0.18
5153,0.05,0.04,0.13
5154,0.19,0.19,0.37
5155,0.3,NULL,NULL
5157,0.1,0,NULL
5158,0.13,0.12,NULL
5159,0.48,0.25,0.33
5161,0.04,0.01,NULL
5162,0.57,NULL,NULL
5163,0.23,0.19,0.25
5164,0.06,0.07,NULL
5165,0.5,0.21,NULL
5166,0.06,0.06,NULL
5167,0.37,0.17,NULL
5168,0.29,0.2,0.32
5169,0.45,0.3,NULL
5171,0.43,0.26,0.37
5172,0.06,0.08,NULL
5173,0.79,0.47,0.46
5174,0.53,0.34,0.35
5175,0.08,0.07,0.16
5176,0.51,0.42,0.37
5177,0.28,0.17,0.23
5179,0.12,0.1,0.23
5181,0.2,0.06,NULL
5182,0.11,0.06,NULL
5183,0.14,0.14,NULL
5184,0.11,0.08,0.18
9001,0.11,0.05,0.01
9003,0.13,0.05,0.01
9005,0.01,0.01,0.01
9007,0.05,0.02,0.01
9009,0.13,0.05,0.02
9011,0.06,0.02,0.02
9013,0.03,0.01,0
9015,0.02,0,0.01
10001,0.24,0.15,0.23
10003,0.24,0.12,0.13
10005,0.13,0.21,0.17
11001,0.51,0.54,0.29
12001,0.2,0.26,0.56
12003,0.14,0.22,0.24
12005,0.11,0.15,NULL
12007,0.2,0.23,0.28
12009,0.1,0.11,0.3
12011,0.27,0.16,NULL
12013,0.14,0.16,0.29
12015,0.06,0.06,NULL
12017,0.03,0.18,0.54
12019,0.1,0.14,0.4
12021,0.07,0.14,NULL
12023,0.18,0.3,0.48
12027,0.13,0.22,0.17
12029,0.08,0.14,NULL
12031,0.3,0.23,0.5
12033,0.23,0.21,0.4
12035,0.11,0.38,NULL
12037,0.14,0.21,0.48
12039,0.56,0.59,0.67
12041,0.05,0.11,NULL
12043,0.12,0.34,NULL
12045,0.19,0.24,NULL
12047,0.34,0.44,0.47
12049,0.07,0.09,NULL
12051,0.13,0.24,NULL
12053,0.05,0.21,0.56
12055,0.09,0.21,NULL
12057,0.17,0.14,0.21
12059,0.06,0.04,0.1
12061,0.09,0.21,NULL
12063,0.27,0.31,0.48
12065,0.36,0.59,0.76
12067,0.16,0.12,0.2
12069,0.1,0.19,0.38
12071,0.08,0.16,0.15
12073,0.3,0.33,0.76
12075,0.09,0.3,0.46
12077,0.18,0.15,0.45
12079,0.39,0.47,0.56
12081,0.09,0.15,0.25
12083,0.12,0.35,0.61
12085,0.05,0.2,NULL
12086,0.19,NULL,NULL
12087,0.06,0.1,0.27
12089,0.06,0.25,0.53
12091,0.09,0.06,NULL
12093,0.08,0.16,NULL
12095,0.21,0.15,0.4
12097,0.11,0.1,0.17
12099,0.17,0.23,0.4
12101,0.04,0.11,0.33
12103,0.1,0.09,NULL
12105,0.15,0.18,0.31
12107,0.16,0.31,0.52
12109,0.06,0.27,0.41
12111,0.19,0.32,0.21
12113,0.05,0.07,0.28
12115,0.05,0.1,NULL
12117,0.11,0.25,NULL
12119,0.1,0.26,0.34
12121,0.11,0.27,0.42
12123,0.21,0.25,0.38
12125,0.22,0.27,NULL
12127,0.1,0.17,0.4
12129,0.15,0.29,0.5
12131,0.06,0.14,0.3
12133,0.15,0.19,0.3
13001,0.19,0.23,0.23
13003,0.17,0.29,NULL
13005,0.15,0.13,NULL
13007,0.47,0.59,0.72
13009,0.41,0.4,0.6
13011,0.02,0.07,0.21
13013,0.11,0.18,NULL
13015,0.1,0.15,0.25
13017,0.35,0.33,0.41
13019,0.11,0.15,0.28
13021,0.52,0.33,0.49
13023,0.27,0.28,NULL
13025,0.03,0.13,NULL
13027,0.35,0.49,0.59
13029,0.14,0.37,0.5
13031,0.28,0.37,0.4
13033,0.49,0.66,0.82
13035,0.27,0.47,0.53
13037,0.61,0.65,0.74
13039,0.19,0.4,0.66
13043,0.24,0.35,NULL
13045,0.18,0.19,0.21
13047,0.02,0.01,0.07
13049,0.28,0.32,0.25
13051,0.4,0.34,0.55
13053,0.19,0.18,0.69
13055,0.11,0.09,0.18
13057,0.06,0.04,0.07
13059,0.27,0.25,0.51
13061,0.6,0.62,0.73
13063,0.66,0.1,0.44
13065,0.28,0.38,0.4
13067,0.25,0.07,0.26
13069,0.27,0.27,0.35
13071,0.22,0.24,0.23
13073,0.15,0.36,0.75
13075,0.27,0.29,NULL
13077,0.17,0.36,0.56
13079,0.22,0.58,0.59
13081,0.43,0.43,0.52
13083,0.01,0.02,0.07
13085,0,0,0.03
13087,0.41,0.42,0.58
13089,0.54,0.09,0.3
13091,0.3,0.28,0.42
13093,0.5,0.53,0.62
13095,0.67,0.34,0.75
13097,0.39,0.15,0.24
13099,0.5,0.52,0.62
13101,0.04,0.28,0.3
13103,0.13,0.35,0.43
13105,0.3,0.34,0.5
13107,0.33,0.33,0.4
13109,0.29,0.37,NULL
13111,0,0,0.01
13113,0.2,0.3,0.35
13115,0.14,0.14,0.29
13117,0.03,0,0.09
13119,0.08,0.12,0.22
13121,0.44,0.35,0.33
13123,0,0,0.01
13125,0.08,0.29,0.32
13127,0.26,0.28,0.62
13129,0.04,0.06,0.09
13131,0.29,0.37,0.4
13133,0.38,0.52,0.63
13135,0.24,0.08,0.15
13137,0.03,0.05,0.07
13139,0.07,0.11,0.16
13141,0.74,0.75,0.74
13143,0.05,0.08,0.15
13145,0.17,0.55,0.72
13147,0.19,0.24,0.31
13149,0.1,0.23,0.34
13151,0.37,0.43,0.51
13153,0.29,0.22,0.74
13155,0.26,0.37,0.47
13157,0.07,0.13,0.29
13159,0.22,0.54,0.69
13161,0.15,0.2,0.26
13163,0.54,0.57,0.61
13165,0.41,0.5,0.63
13167,0.35,0.33,0.43
13169,0.24,0.5,0.71
13171,0.31,0.4,NULL
13173,0.24,0.3,NULL
13175,0.36,0.37,0.49
13177,0.19,0.63,0.86
13179,0.42,0.42,0.65
13181,0.32,0.49,0.59
13183,0.25,0.33,NULL
13185,0.36,0.32,0.53
13187,0.01,0.02,0.06
13189,0.4,0.42,0.58
13191,0.36,0.58,0.77
13193,0.61,0.63,0.7
13195,0.08,0.19,0.31
13197,0.33,0.6,0.59
13199,0.39,0.49,0.58
13201,0.28,0.29,0.41
13205,0.48,0.51,0.53
13207,0.24,0.48,0.67
13209,0.26,0.4,0.37
13211,0.24,0.48,0.68
13213,0.01,0.01,0.04
13215,0.46,0.24,0.46
13217,0.41,0.35,0.51
13219,0.05,0.22,0.46
13221,0.17,0.45,0.61
13223,0.17,0.09,0.11
13225,0.46,0.59,NULL
13227,0.01,0.04,0.05
13229,0.09,0.22,0.26
13231,0.1,0.45,0.52
13233,0.13,0.16,0.28
13235,0.32,0.43,0.59
13237,0.26,0.54,0.73
13239,0.48,0.64,0.78
13241,0.01,0.01,0.03
13243,0.62,0.62,0.69
13245,0.54,0.31,0.48
13247,0.46,0.27,0.4
13249,0.23,0.56,0.63
13251,0.43,0.52,0.6
13253,0.33,0.38,NULL
13255,0.33,0.28,0.51
13257,0.11,0.14,0.23
13259,0.47,0.71,0.77
13261,0.52,0.53,0.73
13263,0.59,0.7,0.7
13265,0.6,0.62,0.74
13267,0.29,0.32,0.31
13269,0.39,0.48,0.5
13271,0.36,0.34,0.36
13273,0.61,0.64,0.75
13275,0.37,0.41,0.59
13277,0.29,0.3,0.33
13279,0.25,0.28,0.3
13281,0,0,0
13283,0.33,0.33,NULL
13285,0.33,0.33,0.59
13287,0.42,0.37,0.4
13289,0.41,0.6,0.69
13291,0,0,0.01
13293,0.28,0.28,0.55
13295,0.04,0.05,0.13
13297,0.16,0.3,0.4
13299,0.3,0.25,0.39
13301,0.62,0.63,0.69
13303,0.53,0.57,0.62
13305,0.2,0.21,0.25
13307,0.42,0.64,0.68
13309,0.35,0.32,NULL
13311,0.02,0.04,0.08
13313,0.04,0.05,0.11
13315,0.35,0.33,0.41
13317,0.43,0.51,0.71
13319,0.38,0.48,0.51
13321,0.28,0.48,0.5
15001,0.01,0,NULL
15003,0.02,0.01,NULL
15005,0,0,NULL
15007,0,0,NULL
15009,0.01,0,NULL
16001,0.01,0,0.01
16003,0,0,NULL
16005,0.01,0.01,0.01
16007,0,0,0
16009,0,0,NULL
16011,0,0,0
16013,0,0,0
16015,0,0,0
16017,0,0,0
16019,0.01,0,NULL
16021,0,0,NULL
16023,0,0,NULL
16025,0,0,NULL
16027,0.01,0,0
16029,0,0,NULL
16031,0,0,0
16033,0.01,0,NULL
16035,0,0,NULL
16037,0,0,0
16039,0.03,0.02,0
16041,0,0,NULL
16043,0,0,0
16045,0,0,NULL
16047,0,0,NULL
16049,0,0,0
16051,0,0,NULL
16053,0,0,NULL
16055,0,0,0
16057,0.01,0,0
16059,0,0,0
16061,0,0,NULL
16063,0,0,0
16065,0,0,NULL
16067,0,0,NULL
16069,0,0,0
16071,0,0,0
16073,0,0,0
16075,0,0,NULL
16077,0,0,NULL
16079,0,0,0
16081,0,0,NULL
16083,0,0,0
16085,0,0,NULL
16087,0,0,0
17001,0.03,0.02,0.03
17003,0.35,0.33,0.34
17005,0.06,0.01,0.01
17007,0.02,0,0
17009,0.18,0,0
17011,0.01,0,0.01
17013,0,0,0
17015,0.01,0,0
17017,0.03,0,0
17019,0.12,0.05,0.02
17021,0.01,0,0.01
17023,0,0,0
17025,0,0,0
17027,0.04,0,0.01
17029,0.04,0,0.01
17031,0.25,0.17,0.02
17033,0.05,0,0
17035,0,0,0
17037,0.06,0.01,0
17039,0.01,0,0
17041,0,0,0
17043,0.05,0,0.01
17045,0,0,0.01
17047,0,0,0.01
17049,0,0,0
17051,0.04,0.02,0
17053,0.01,0,0.01
17055,0,0,0
17057,0.03,0,0.01
17059,0,0.01,0.04
17061,0.01,0,0
17063,0.01,0,0
17065,0,0,0
17067,0,0,0
17069,0,0,0.02
17071,0,0,0
17073,0.02,0.01,0
17075,0.01,0,0
17077,0.14,0.07,0.08
17079,0,0,0
17081,0.08,0.03,0.01
17083,0,0,0.01
17085,0,0,0
17087,0.08,0,0.01
17089,0.06,0.02,0.01
17091,0.15,0.09,0.01
17093,0.06,0,0
17095,0.07,0.03,0.02
17097,0.07,0.04,0.01
17099,0.02,0,0
17101,0.1,0.01,0.01
17103,0.05,0.02,0
17105,0.05,0.02,0.01
17107,0.08,0.02,0.01
17109,0.05,0,0
17111,0.01,0,0
17113,0.07,0.01,0.02
17115,0.16,0.05,0.02
17117,0.01,0,0
17119,0.08,0.05,0.04
17121,0.04,0.03,0.02
17123,0,0,0
17125,0,0,0
17127,0.06,0.07,0.18
17129,0.01,0,0.01
17131,0,0,0
17133,0,0,0
17135,0.03,0,0.01
17137,0.06,0.03,0.04
17139,0,0,0
17141,0.01,0,0
17143,0.18,0.05,0.02
17145,0.08,0.02,0.04
17147,0,0,0
17149,0.02,0,0.01
17151,0.06,0.02,0.05
17153,0.32,0.36,0.38
17155,0.01,0,0
17157,0.1,0.05,0.05
17159,0,0,0
17161,0.09,0.03,0.01
17163,0.3,0.18,0.07
17165,0.04,0.03,0.03
17167,0.12,0.04,0.04
17169,0.03,0,0
17171,0,0,0
17173,0,0,0
17175,0,0,0
17177,0.09,0.03,0
17179,0.01,0,0
17181,0.01,0.02,0.01
17183,0.13,0.05,0.03
17185,0.01,0,0
17187,0.02,0.01,0.02
17189,0.01,0,0
17191,0,0,0
17193,0,0,0.02
17195,0.01,0,0
17197,0.11,0.06,0.01
17199,0.04,0.02,0.02
17201,0.12,0.04,0
17203,0,0,0
18001,0,0,0
18003,0.12,0.05,0.01
18005,0.02,0.01,0.01
18007,0,0,0.01
18009,0,0,0
18011,0.01,0,0
18013,0,0,0
18015,0,0,0
18017,0.01,0.01,0.01
18019,0.07,0.04,0.09
18021,0,0.01,0.01
18023,0,0,0
18025,0,0,0
18027,0.01,0,0.01
18029,0.01,0.01,0.01
18031,0,0,0
18033,0,0,0
18035,0.07,0.05,0.03
18037,0,0,0
18039,0.06,0.02,0
18041,0.01,0.02,0.03
18043,0.05,0.04,0.06
18045,0,0,0
18047,0,0,0
18049,0.01,0,0
18051,0.02,0.02,0.05
18053,0.07,0.04,0.03
18055,0,0,0
18057,0.03,0.01,0.02
18059,0.02,0,0.01
18061,0,0.01,0.01
18063,0.05,0.01,0.01
18065,0.02,0.01,0.01
18067,0.07,0.04,0.01
18069,0,0,0
18071,0.01,0,0.01
18073,0.01,0,0
18075,0,0,0.01
18077,0.02,0.02,0.03
18079,0.01,0.02,0.02
18081,0.01,0.01,0.02
18083,0.03,0.01,0.01
18085,0.01,0,0
18087,0,0,0
18089,0.26,0.17,0.01
18091,0.11,0.05,0.01
18093,0,0,0.01
18095,0.08,0.04,0.01
18097,0.27,0.14,0.09
18099,0,0,0
18101,0,0,0
18103,0.05,0.02,0
18105,0.03,0.01,0.02
18107,0.01,0.01,0.01
18109,0,0,0
18111,0,0,0
18113,0,0,0
18115,0,0.01,0.03
18117,0.01,0.01,0.02
18119,0,0,0.01
18121,0.02,0,0.01
18123,0.02,0,0.01
18125,0,0,0.01
18127,0.03,0,0
18129,0.01,0.01,0.04
18131,0.01,0,0
18133,0.04,0.02,0.01
18135,0,0,0.01
18137,0,0,0
18139,0.01,0.01,0.02
18141,0.13,0.06,0.01
18143,0,0,0
18145,0.01,0.01,0.02
18147,0,0.01,0.04
18149,0,0,0
18151,0.01,0,0
18153,0.04,0,0
18155,0,0,0
18157,0.04,0.01,0.01
18159,0,0,0
18161,0,0.01,0.02
18163,0.09,0.06,0.08
18165,0,0,0.01
18167,0.07,0.04,0.04
18169,0,0,0.01
18171,0,0,0
18173,0.01,0.01,0.02
18175,0,0,0
18177,0.05,0.05,0.04
18179,0,0,0
18181,0,0,0
18183,0,0,0
19001,0,0,0
19003,0,0,0
19005,0.01,0,0
19007,0,0.01,0.02
19009,0,0,0
19011,0,0,0
19013,0.09,0.04,0
19015,0.01,0,0
19017,0.01,0,0
19019,0,0,0
19021,0.03,0,0
19023,0,0,0
19025,0,0,0
19027,0,0,0
19029,0,0,0
19031,0,0,0
19033,0.01,0,0.01
19035,0.01,0,0
19037,0,0,0
19039,0,0,0
19041,0,0,0
19043,0,0,0
19045,0.03,0.01,0.01
19047,0.01,0,0
19049,0.01,0,0.01
19051,0,0,0
19053,0.02,0,0
19055,0,0,0
19057,0.05,0.01,0.01
19059,0,0,0
19061,0.03,0,0
19063,0.01,0,0
19065,0.01,0,0
19067,0.01,0,0
19069,0,0,0
19071,0.01,0,0
19073,0,0,0
19075,0,0,0
19077,0,0,0
19079,0,0,0
19081,0,0,0
19083,0.01,0,0
19085,0,0,0
19087,0.02,0.01,0.01
19089,0,0,0
19091,0,0,0
19093,0,0,0
19095,0,0,0
19097,0,0,0
19099,0.01,0,0.01
19101,0.01,0,0
19103,0.05,0.01,0
19105,0.02,0,0
19107,0,0,0
19109,0,0,0
19111,0.03,0.02,0.04
19113,0.04,0.01,0
19115,0.01,0,0
19117,0,0,0.01
19119,0,0,0
19121,0,0,0
19123,0.01,0,0.02
19125,0.01,0,0
19127,0.02,0.01,0
19129,0,0,0
19131,0,0,0
19133,0,0,0
19135,0,0.01,0.09
19137,0,0,0
19139,0.01,0,0
19141,0,0,0
19143,0,0,0
19145,0.02,0,0.01
19147,0,0,0
19149,0,0,0
19151,0,0,0
19153,0.06,0.04,0.03
19155,0.01,0.01,0.01
19157,0.01,0,0
19159,0,0,0
19161,0,0,0
19163,0.07,0.02,0.01
19165,0,0,0
19167,0,0,0
19169,0.02,0,0
19171,0,0,0
19173,0,0,0
19175,0.01,0,0
19177,0,0,0
19179,0.01,0.01,0.02
19181,0,0,0
19183,0.01,0,0.01
19185,0,0,0
19187,0.04,0.01,0
19189,0.01,0,0
19191,0.01,0,0
19193,0.02,0.01,0
19195,0,0,0
19197,0,0,0
21001,0.03,0.05,0.09
21003,0.01,0.02,0.06
21005,0.02,0.04,0.07
21007,0.03,0.05,0.12
21009,0.04,0.07,0.14
21011,0.01,0.05,0.1
21013,0.02,0.04,0.1
21015,0.03,0.01,0.05
21017,0.06,0.14,0.32
21019,0.03,0.02,0.04
21021,0.07,0.11,0.28
21023,0,0.01,0.03
21025,0,0,0.01
21027,0.02,0.05,0.08
21029,0.01,0.01,0.07
21031,0,0.01,0.04
21033,0.05,0.07,0.18
21035,0.04,0.03,0.05
21037,0.03,0.01,0.01
21039,0.01,0.01,0.04
21041,0.02,0.03,0.07
21043,0.01,0,0.01
21045,0.01,0,0.02
21047,0.21,0.22,0.41
21049,0.05,0.09,0.25
21051,0.04,0.02,0.03
21053,0,0,0.01
21055,0.01,0.01,0.04
21057,0.03,0.06,0.1
21059,0.05,0.04,0.13
21061,0.01,0.01,0.04
21063,0.03,0,0
21065,0,0,0.01
21067,0.15,0.15,0.31
21069,0.01,0.03,0.06
21071,0.01,0.01,0.01
21073,0.1,0.08,0.18
21075,0.24,0.18,0.24
21077,0.01,0.03,0.06
21079,0.02,0.09,0.19
21081,0.01,0.01,0.03
21083,0.04,0.05,0.09
21085,0.01,0.01,0.02
21087,0.02,0.05,0.11
21089,0.01,0.01,0.01
21091,0.01,0.03,0.07
21093,0.12,0.07,0.08
21095,0.02,0.08,0.05
21097,0.02,0.04,0.1
21099,0.05,0.11,0.11
21101,0.08,0.1,0.23
21103,0.03,0.08,0.13
21105,0.09,0.12,0.15
21107,0.07,0.09,0.19
21109,0,0,0
21111,0.21,0.13,0.17
21113,0.03,0.09,0.23
21115,0,0,0
21117,0.05,0.03,0.05
21119,0.01,0.01,0.01
21121,0.01,0.02,0.05
21123,0.03,0.05,0.07
21125,0.01,0.01,0.03
21127,0,0,0.01
21129,0.02,0.01,0.02
21131,0,0,0.01
21133,0,0.02,0
21135,0,0,0.01
21137,0.02,0.06,0.17
21139,0,0.01,0.06
21141,0.07,0.11,0.21
21143,0.05,0.09,0.19
21145,0.11,0.11,0.23
21147,0.06,0,NULL
21149,0.01,0.01,0.06
21151,0.04,0.08,0.21
21153,0,0,0
21155,0.08,0.08,0.14
21157,0,0,0.01
21159,0.07,0,0
21161,0.06,0.1,0.15
21163,0.03,0.04,0.07
21165,0.02,0,0.01
21167,0.04,0.06,0.15
21169,0.02,0.04,0.08
21171,0.02,0.03,0.05
21173,0.03,0.1,0.25
21175,0.04,0,0
21177,0.05,0.05,0.1
21179,0.05,0.08,0.17
21181,0.01,0.03,0.08
21183,0.01,0.02,0.05
21185,0.04,0.09,0.15
21187,0.01,0.04,0.07
21189,0,0,0.01
21191,0,0.01,0.02
21193,0.02,0.03,0.02
21195,0.01,0.01,0.01
21197,0.01,0.01,0.05
21199,0.01,0.02,0.03
21201,0,0.01,0.02
21203,0,0,0.01
21205,0.01,0,0.01
21207,0,0.01,0.02
21209,0.05,0.12,0.24
21211,0.07,0.13,0.22
21213,0.09,0.14,0.19
21215,0.02,0.06,0.1
21217,0.05,0.06,0.12
21219,0.08,0.17,0.32
21221,0.08,0.17,0.23
21223,0,0,0.02
21225,0.12,0.09,0.12
21227,0.09,0.1,0.2
21229,0.06,0.1,0.13
21231,0.02,0.03,0.04
21233,0.04,0.08,0.13
21235,0.01,0.01,0.03
21237,0,0,0.01
21239,0.05,0.13,0.3
22001,0.18,0.2,0.21
22003,0.23,0.24,NULL
22005,0.22,0.32,0.47
22007,0.3,0.41,0.42
22009,0.29,0.28,0.35
22011,0.13,0.22,NULL
22013,0.42,0.49,0.43
22015,0.21,0.25,0.77
22017,0.47,0.36,0.62
22019,0.25,0.21,0.26
22021,0.17,0.28,0.4
22023,0.02,0.06,0.13
22025,0.32,0.35,0.5
22027,0.51,0.5,0.6
22029,0.41,0.46,0.84
22031,0.39,0.58,0.65
22033,0.45,0.32,0.62
22035,0.69,0.61,0.89
22037,0.45,0.54,0.72
22039,0.28,0.27,NULL
22041,0.31,0.41,0.44
22043,0.16,0.24,0.31
22045,0.32,0.29,0.46
22047,0.49,0.49,0.62
22049,0.3,0.32,0.29
22051,0.26,0.15,0.37
22053,0.17,0.21,NULL
22055,0.26,0.24,0.37
22057,0.13,0.12,0.24
22059,0.12,0.12,0.21
22061,0.4,0.42,0.39
22063,0.05,0.15,0.13
22065,0.61,0.65,0.89
22067,0.47,0.47,0.74
22069,0.41,0.44,0.56
22071,0.6,0.37,0.26
22073,0.37,0.32,0.55
22075,0.2,0.28,0.55
22077,0.36,0.54,0.68
22079,0.32,0.3,0.48
22081,0.4,0.48,0.54
22083,0.36,0.44,0.66
22085,0.17,0.24,0.21
22087,0.18,0.07,0.37
22089,0.27,0.27,0.6
22091,0.53,0.55,0.5
22093,0.51,0.49,0.57
22095,0.54,0.52,0.57
22097,0.41,0.43,0.47
22099,0.31,0.37,0.43
22101,0.33,0.31,0.54
22103,0.11,0.27,0.36
22105,0.3,0.34,0.31
22107,0.56,0.65,0.92
22109,0.19,0.17,0.4
22111,0.27,0.37,0.36
22113,0.14,0.13,0.17
22115,0.14,0.13,0.21
22117,0.31,0.34,0.29
22119,0.34,0.34,0.52
22121,0.38,0.49,0.73
22123,0.16,0.22,0.44
22125,0.46,0.66,0.82
22127,0.31,0.31,0.21
23001,0.04,0,0
23003,0.01,0.01,0
23005,0.02,0,0
23007,0,0,0
23009,0,0,0
23011,0.01,0,0
23013,0,0,0
23015,0,0,0
23017,0,0,0
23019,0.01,0.01,0
23021,0,0,0
23023,0.01,0.01,0.01
23025,0,0,0
23027,0,0,0
23029,0,0,0
23031,0.01,0,0
24001,0.08,0.01,0.02
24003,0.16,0.14,0.36
24005,0.26,0.03,0.1
24009,0.13,0.42,0.49
24011,0.14,0.2,0.25
24013,0.03,0.04,0.06
24015,0.06,0.06,0.14
24017,0.41,0.33,0.52
24019,0.28,0.3,0.33
24021,0.09,0.07,0.1
24023,0.01,0,0.01
24025,0.13,0.1,0.18
24027,0.17,0.11,0.23
24029,0.15,0.25,0.36
24031,0.17,0.03,0.29
24033,0.64,0.09,0.32
24035,0.07,0.27,0.35
24037,0.14,0.18,0.43
24039,0.42,0.37,0.36
24041,0.13,0.27,0.35
24043,0.1,0.03,0.04
24045,0.24,0.22,0.24
24047,0.14,0.34,0.32
25001,0.02,0.02,0.03
25003,0.03,0.01,0.01
25005,0.03,0.01,0.01
25007,0.03,0.02,0.04
25009,0.04,0,0
25011,0.01,0,0
25013,0.09,0.03,0.01
25015,0.02,0,0
25017,0.05,0.01,0.01
25019,0.07,0.03,0.01
25021,0.06,0,0
25023,0.07,0.02,0.02
25025,0.22,0.08,0.02
25027,0.04,0.01,0
26001,0,0,0
26003,0.06,0,0
26005,0.01,0.01,0.01
26007,0,0,0
26009,0,0,0
26011,0,0,0
26013,0.07,0,0
26015,0,0,0
26017,0.02,0.01,0
26019,0,0,0.01
26021,0.15,0.08,0.01
26023,0.03,0.01,0
26025,0.11,0.07,0.01
26027,0.05,0.1,0.07
26029,0,0,0
26031,0.01,0,0
26033,0.07,0.01,0
26035,0,0,0
26037,0.02,0,0
26039,0,0.02,0
26041,0,0,0
26043,0,0,0
26045,0.06,0,0
26047,0,0.01,0
26049,0.21,0.1,0.01
26051,0,0,0
26053,0.04,0,0
26055,0.01,0,0
26057,0.06,0,0
26059,0,0,0
26061,0.01,0,0
26063,0,0,0
26065,0.12,0.04,0.01
26067,0.05,0.03,0
26069,0,0.01,0
26071,0,0,0
26073,0.02,0.01,0.01
26075,0.08,0.06,0.01
26077,0.11,0.03,0.01
26079,0,0,0
26081,0.1,0.04,0
26083,0,0.01,0
26085,0.09,0.26,0
26087,0.01,0.01,0
26089,0,0,0
26091,0.03,0.01,0.01
26093,0,0.01,0
26095,0.11,0,0
26097,0.01,0,0
26099,0.09,0.02,0
26101,0.03,0,0
26103,0.02,0.02,0
26105,0.01,0,0
26107,0.03,0.01,0.01
26109,0,0,0
26111,0.01,0,0.01
26113,0,0,0
26115,0.02,0.02,0
26117,0.02,0,0
26119,0,0,0
26121,0.14,0.08,0
26123,0.01,0.02,0
26125,0.14,0.03,0.01
26127,0,0,0
26129,0,0,0
26131,0,0,0
26133,0.01,0,0
26135,0,0,0
26137,0,0,0
26139,0.01,0,0
26141,0,0,0
26143,0,0,0
26145,0.19,0.1,0
26147,0.02,0.02,0
26149,0.03,0.02,0
26151,0,0,0
26153,0,0,0
26155,0,0,0
26157,0.01,0.01,0
26159,0.04,0.07,0.02
26161,0.13,0.07,0.03
26163,0.41,0.2,0.01
26165,0,0,0
28001,0.54,0.49,0.75
28003,0.11,0.13,0.24
28005,0.41,0.54,0.55
28007,0.42,0.45,0.46
28009,0.37,0.47,0.49
28011,0.64,0.67,0.87
28013,0.28,0.27,0.22
28015,0.33,0.58,0.58
28017,0.42,0.38,0.56
28019,0.3,0.3,0.29
28021,0.84,0.76,0.78
28023,0.34,0.39,0.47
28025,0.58,0.51,0.7
28027,0.76,0.68,0.89
28029,0.51,0.52,0.56
28031,0.35,0.35,0.31
28033,0.22,0.61,0.76
28035,0.36,0.28,0.37
28037,0.34,0.41,0.45
28039,0.08,0.12,0.28
28041,0.26,0.23,0.22
28043,0.42,0.49,0.71
28045,0.07,0.16,0.39
28047,0.22,0.16,0.31
28049,0.69,0.4,0.71
28051,0.83,0.72,0.8
28053,0.75,0.7,NULL
28055,0.64,0.67,0.94
28057,0.06,0.06,0.08
28059,0.22,0.19,0.35
28061,0.53,0.5,0.49
28063,0.86,0.75,0.78
28065,0.6,0.55,0.53
28067,0.28,0.26,0.28
28069,0.6,0.59,0.57
28071,0.24,0.34,0.45
28073,0.2,0.16,0.31
28075,0.43,0.35,0.47
28077,0.31,0.38,0.39
28079,0.41,0.41,0.34
28081,0.27,0.25,0.37
28083,0.72,0.64,0.84
28085,0.3,0.31,0.42
28087,0.43,0.38,0.71
28089,0.38,0.72,0.81
28091,0.32,0.34,0.39
28093,0.47,0.7,0.72
28095,0.31,0.35,0.56
28097,0.45,0.45,0.5
28099,0.21,0.22,0.16
28101,0.3,0.32,0.39
28103,0.72,0.72,0.84
28105,0.37,0.44,0.64
28107,0.49,0.56,0.68
28109,0.12,0.23,0.23
28111,0.2,0.28,0.34
28113,0.52,0.44,0.47
28115,0.14,0.19,0.24
28117,0.14,0.12,0.17
28119,0.7,0.63,0.76
28121,0.19,0.37,0.6
28123,0.37,0.38,0.41
28125,0.71,0.7,0.89
28127,0.35,0.35,0.35
28129,0.23,0.23,0.17
28131,0.19,0.24,NULL
28133,0.73,0.67,0.81
28135,0.56,0.64,0.69
28137,0.3,0.58,0.59
28139,0.16,0.18,0.19
28141,0.03,0.05,0.08
28143,0.73,0.79,0.91
28145,0.15,0.18,0.22
28147,0.45,0.45,NULL
28149,0.47,0.47,0.7
28151,0.71,0.55,0.85
28153,0.39,0.36,0.4
28155,0.2,0.25,0.22
28157,0.71,0.71,0.77
28159,0.46,0.43,0.4
28161,0.38,0.44,0.52
28163,0.57,0.59,0.76
29001,0.02,0,0.01
29003,0,0,0.01
29005,0,0,0
29007,0.06,0.06,0.07
29009,0,0,0
29011,0,0,0
29013,0.01,0.01,0.01
29015,0,0,0.01
29017,0,0,0
29019,0.09,0.06,0.14
29021,0.05,0.03,0.05
29023,0.05,0.07,0.07
29025,0,0,0.02
29027,0.05,0.09,0.14
29029,0,0,0
29031,0.07,0.03,0.07
29033,0.02,0.02,0.04
29035,0,0,0
29037,0.04,0.01,0.02
29039,0,0,0
29041,0.02,0.07,0.09
29043,0.01,0,0
29045,0,0,0
29047,0.05,0.01,0.05
29049,0.01,0.03,0.05
29051,0.11,0.08,0.1
29053,0.07,0.08,0.14
29055,0,0,0
29057,0,0.01,0.02
29059,0,0,0
29061,0,0,0.01
29063,0.11,0,0.01
29065,0,0,0
29067,0,0,0
29069,0.1,0.04,0
29071,0.01,0.01,0.05
29073,0,0,0
29075,0,0,0
29077,0.03,0.02,0.04
29079,0.01,0,0.01
29081,0,0,0
29083,0.01,0.01,0.03
29085,0,0,0
29087,0,0,0.01
29089,0.05,0.1,0.2
29091,0,0,0.01
29093,0.01,0.01,0.02
29095,0.24,0.13,0.09
29097,0.02,0.01,0.02
29099,0.01,0.01,0.06
29101,0.04,0.03,0.05
29103,0,0,0.01
29105,0.01,0.01,0.01
29107,0.02,0.04,0.1
29109,0,0,0
29111,0.03,0.04,0.05
29113,0.02,0.04,0.08
29115,0.01,0.01,0.03
29117,0.02,0.02,0.03
29119,0.01,0,0
29121,0.02,0.02,0.03
29123,0,0,0.02
29125,0,0,0
29127,0.05,0.05,0.09
29129,0,0,0
29131,0,0,0.01
29133,0.24,0.24,0.14
29135,0.04,0.01,0.03
29137,0.03,0.05,0.07
29139,0.02,0.05,0.08
29141,0.01,0.02,0.03
29143,0.16,0.2,0.11
29145,0.01,0.01,0.02
29147,0.02,0,0.01
29149,0,0,0
29151,0,0,0.01
29153,0,0,0
29155,0.27,0.27,0.08
29157,0,0,0.02
29159,0.03,0.05,0.08
29161,0.02,0.01,0.01
29163,0.07,0.08,0.15
29165,0.06,0.01,0.05
29167,0.01,0,0.01
29169,0.11,0.06,0
29171,0,0,0
29173,0.01,0.03,0.05
29175,0.06,0.05,0.09
29177,0.01,0.02,0.06
29179,0.01,0,0
29181,0,0,0
29183,0.04,0.02,0.07
29185,0.01,0,0.01
29186,0.01,0.01,0.04
29187,0.04,0,0.02
29189,0.23,0.03,0.05
29195,0.05,0.05,0.13
29197,0,0,0
29199,0,0,0
29201,0.11,0.1,0.02
29203,0,0,0
29205,0.01,0.02,0.04
29207,0.01,0.07,0
29209,0,0,0
29211,0.01,0,0.01
29213,0.01,0,0
29215,0.03,0,0
29217,0,0,0
29219,0.02,0.04,0.05
29221,0.02,0.01,0.03
29223,0,0,0
29225,0.01,0,0.01
29227,0.01,0,0
29229,0,0.01,0.01
33001,0,0,0
33003,0,0,0
33005,0.01,0,0
33007,0,0,0
33009,0.01,0,0
33011,0.02,0,0
33013,0.01,0,0
33015,0.01,0.01,0
33017,0.01,0,0
33019,0,0,0
34001,0.16,0.18,0.15
34003,0.06,0.02,0.02
34005,0.17,0.06,0.05
34007,0.2,0.09,0.07
34009,0.05,0.08,0.07
34011,0.2,0.12,0.05
34013,0.41,0.2,0.04
34015,0.1,0.09,0.06
34017,0.13,0.07,0.01
34019,0.03,0.02,0.01
34021,0.2,0.13,0.04
34023,0.1,0.04,0.02
34025,0.07,0.09,0.09
34027,0.03,0.02,0.03
34029,0.03,0.03,0.02
34031,0.13,0.07,0.01
34033,0.14,0.15,0.12
34035,0.09,0.03,0.04
34037,0.02,0,0.01
34039,0.22,0.08,0.04
34041,0.04,0.01,0.01
36001,0.13,0.04,0.01
36003,0.01,0,0.01
36005,0.36,0.12,NULL
36007,0.05,0.01,0.01
36009,0.01,0.01,0.01
36011,0.04,0.02,0.01
36013,0.02,0.01,0
36015,0.07,0.03,0.01
36017,0.01,0,0.01
36019,0.04,0.04,0.01
36021,0.05,0.03,0.03
36023,0.02,0,0
36025,0.02,0,0
36027,0.1,0.06,0.03
36029,0.13,0.07,0
36031,0.03,0,0
36033,0.06,0,0
36035,0.02,0.01,0.01
36037,0.03,0.01,0
36039,0.06,0.03,0.02
36041,0.01,0,0
36043,0.01,0,0
36045,0.05,0,0
36047,0.34,0.14,0.01
36049,0.01,0,0
36051,0.02,0.02,0.01
36053,0.02,0.01,0.01
36055,0.15,0.04,0
36057,0.02,0,0
36059,0.11,0.03,0.03
36061,0.16,0.23,0.02
36063,0.07,0.03,0
36065,0.06,0.02,0
36067,0.11,0.03,0.01
36069,0.02,0.01,0.01
36071,0.1,0.05,0.03
36073,0.06,0.04,0
36075,0.01,0,0.01
36077,0.02,0,0
36079,0.02,0,0.01
36081,0.19,0.08,0.01
36083,0.06,0.02,0.01
36085,0.11,0.04,0.01
36087,0.12,0.05,0.03
36089,0.02,0,0
36091,0.01,0.01,0.01
36093,0.1,0.01,0
36095,0.01,0,0.01
36097,0.01,0.01,0.01
36099,0.05,0.01,0
36101,0.02,0.01,0
36103,0.07,0.05,0.03
36105,0.09,0.04,0
36107,0.01,0,0.01
36109,0.04,0.02,0.02
36111,0.06,0.03,0.02
36113,0.01,0,0
36115,0.03,0.01,0
36117,0.03,0.02,0
36119,0.15,0.07,0.03
36121,0.06,0.02,0
36123,0.01,0.01,0.01
37001,0.19,0.17,0.25
37003,0.05,0.07,0.08
37005,0.01,0.03,0.04
37007,0.49,0.48,0.52
37009,0.01,0.01,0.03
37011,0.04,0.01,NULL
37013,0.26,0.37,0.42
37015,0.62,0.59,0.59
37017,0.35,0.41,0.47
37019,0.11,0.35,0.37
37021,0.06,0.11,0.16
37023,0.07,0.07,0.12
37025,0.15,0.16,0.23
37027,0.05,0.07,0.12
37029,0.13,0.42,0.39
37031,0.06,0.12,0.17
37033,0.34,0.48,0.51
37035,0.08,0.09,0.12
37037,0.13,0.31,0.34
37039,0.01,0.02,0.04
37041,0.34,0.47,0.54
37043,0.01,0.01,0.04
37045,0.21,0.22,0.2
37047,0.3,0.33,0.32
37049,0.22,0.28,0.56
37051,0.37,0.25,0.44
37053,0.06,0.32,0.34
37055,0.02,0.07,0.1
37057,0.09,0.11,0.13
37059,0.06,0.12,0.18
37061,0.25,0.38,0.36
37063,0.38,0.32,0.35
37065,0.57,0.52,0.61
37067,0.26,0.24,0.3
37069,0.27,0.44,0.47
37071,0.15,0.13,0.23
37073,0.33,0.54,0.45
37075,0,0,0
37077,0.33,0.44,0.49
37079,0.37,0.5,0.47
37081,0.33,0.21,0.25
37083,0.53,0.54,0.65
37085,0.21,0.27,0.29
37087,0.01,0.02,0.03
37089,0.03,0.05,0.11
37091,0.61,0.59,0.59
37093,0.33,0.48,NULL
37095,0.32,0.42,0.42
37097,0.12,0.18,0.22
37099,0.02,0.02,0.05
37101,0.15,0.22,0.25
37103,0.32,0.47,0.47
37105,0.2,0.22,0.31
37107,0.41,0.4,0.45
37109,0.06,0.12,0.16
37111,0.04,0.05,0.15
37113,0.01,0.02,0.05
37115,0.01,0.01,0.02
37117,0.43,0.5,0.5
37119,0.31,0.25,0.38
37121,0,0,0.02
37123,0.19,0.25,0.24
37125,0.13,0.26,0.33
37127,0.37,0.4,0.42
37129,0.15,0.28,0.48
37131,0.58,0.64,0.59
37133,0.16,0.13,0.3
37135,0.12,0.24,0.33
37137,0.2,0.37,0.38
37139,0.38,0.39,0.5
37141,0.18,0.48,0.49
37143,0.25,0.47,0.51
37145,0.27,0.35,0.43
37147,0.34,0.44,0.5
37149,0.04,0.12,0.14
37151,0.06,0.08,0.12
37153,0.31,0.3,0.47
37155,0.24,0.29,0.43
37157,0.19,0.21,0.29
37159,0.16,0.17,0.24
37161,0.1,0.12,0.15
37163,0.27,0.36,0.33
37165,0.39,0.41,0.55
37167,0.11,0.11,0.11
37169,0.04,0.1,0.13
37171,0.04,0.06,0.09
37173,0.01,0.01,0.02
37175,0.04,0.05,0.09
37177,0.38,0.44,0.31
37179,0.12,0.21,0.28
37181,0.5,0.44,0.52
37183,0.21,0.26,0.41
37185,0.52,0.63,0.65
37187,0.5,0.45,0.5
37189,0.02,0.01,0.02
37191,0.31,0.37,0.44
37193,0.04,0.06,0.09
37195,0.39,0.4,0.44
37197,0.03,0.05,0.08
37199,0.01,0.01,0.02
39001,0,0,0.01
39003,0.12,0.07,0.02
39005,0.01,0,0
39007,0.04,0.02,0
39009,0.03,0.02,0.03
39011,0,0,0
39013,0.04,0.02,0.02
39015,0.01,0.02,0.05
39017,0.07,0.05,0.03
39019,0,0.02,0
39021,0.02,0.04,0.05
39023,0.09,0.09,0.08
39025,0.01,0.01,0.03
39027,0.02,0.02,0.04
39029,0.02,0.02,0.01
39031,0.01,0.01,0
39033,0.01,0.01,0
39035,0.3,0.15,0.01
39037,0,0.01,0.01
39039,0.02,0,0
39041,0.03,0.02,0.02
39043,0.09,0.07,0.01
39045,0.06,0.01,0.01
39047,0.02,0.03,0.06
39049,0.21,0.12,0.06
39051,0,0,0
39053,0.03,0.05,0.07
39055,0.01,0.02,0
39057,0.07,0.07,0.13
39059,0.01,0.02,0.01
39061,0.26,0.14,0.05
39063,0.02,0,0.01
39065,0.01,0.01,0.02
39067,0.02,0.03,0.03
39069,0,0,0
39071,0.01,0.03,0.05
39073,0.01,0.01,0.01
39075,0,0,0
39077,0.01,0.01,0.01
39079,0.01,0.01,0.02
39081,0.06,0.05,0.03
39083,0.01,0.01,0.01
39085,0.03,0.01,0.01
39087,0.02,0.03,0.05
39089,0.03,0.01,0.01
39091,0.02,0.02,0.03
39093,0.09,0.06,0.02
39095,0.19,0.09,0.01
39097,0.07,0.06,0.04
39099,0.16,0.12,0.02
39101,0.06,0.02,0.01
39103,0.01,0.01,0
39105,0.01,0.02,0.03
39107,0,0,0
39109,0.02,0.02,0.02
39111,0,0,0
39113,0.21,0.12,0.03
39115,0.03,0.04,0.01
39117,0,0,0
39119,0.04,0.04,0.03
39121,0.03,0,0
39123,0.01,0.01,0
39125,0.01,0.02,0.02
39127,0,0.01,0.02
39129,0.03,0.02,0.03
39131,0.01,0.02,0.05
39133,0.04,0.03,0.01
39135,0,0,0.01
39137,0,0,0
39139,0.09,0.06,0.01
39141,0.06,0.05,0.06
39143,0.03,0.01,0
39145,0.03,0.02,0.02
39147,0.02,0.01,0
39149,0.02,0.01,0.01
39151,0.08,0.05,0.01
39153,0.14,0.08,0.01
39155,0.08,0.06,0
39157,0.01,0.01,0
39159,0.02,0.01,0.01
39161,0.01,0,0.01
39163,0,0,0.02
39165,0.03,0.01,0.03
39167,0.01,0.02,0.03
39169,0.01,0.01,0
39171,0.01,0,0
39173,0.02,0.01,0
39175,0,0,0
41001,0,0,0
41003,0.01,0,0
41005,0.01,0,0
41007,0.01,0,0
41009,0,0,0
41011,0,0,0
41013,0,0,0
41015,0,0,0
41017,0,0,NULL
41019,0,0,0
41021,0,0,0
41023,0,0,0
41025,0,0,0
41027,0,0,0
41029,0.01,0,0
41031,0.01,0,NULL
41033,0,0,0
41035,0.01,0.01,0
41037,0,0,0
41039,0.01,0,0
41041,0,0,0
41043,0,0,0
41045,0.01,0,0
41047,0.01,0,0
41049,0,0,0
41051,0.06,0.03,0
41053,0.01,0,0
41055,0,0,0
41057,0,0,0
41059,0.01,0.01,0
41061,0.01,0,0
41063,0,0,0
41065,0,0,0
41067,0.02,0,0
41069,0,0,0
41071,0.01,0,0
42001,0.02,0.01,0.01
42003,0.13,0.08,0.03
42005,0.01,0.01,0.01
42007,0.06,0.05,0.02
42009,0,0,0.01
42011,0.05,0.02,0.01
42013,0.02,0.01,0.01
42015,0,0,0
42017,0.04,0.02,0.02
42019,0.01,0,0
42021,0.04,0.02,0
42023,0,0,0
42025,0.01,0,0
42027,0.03,0.01,0.01
42029,0.06,0.08,0.1
42031,0.01,0,0
42033,0.02,0,0
42035,0.02,0,0.01
42037,0.02,0,0
42039,0.02,0.01,0.01
42041,0.03,0.01,0.03
42043,0.18,0.1,0.05
42045,0.2,0.07,0.1
42047,0,0,0
42049,0.07,0.03,0
42051,0.05,0.05,0.03
42053,0.18,0,0
42055,0.03,0.02,0.03
42057,0.01,0.01,0.01
42059,0.03,0.01,0.01
42061,0.05,0.02,0.01
42063,0.03,0.01,0
42065,0,0,0
42067,0.01,0,0.01
42069,0.03,0,0
42071,0.04,0.01,0.01
42073,0.04,0.02,0.01
42075,0.02,0,0
42077,0.06,0,0
42079,0.03,0,0
42081,0.04,0.01,0.01
42083,0.02,0,0.01
42085,0.06,0.04,0.01
42087,0.01,0,0.01
42089,0.13,0.01,0.01
42091,0.09,0.04,0.04
42093,0.01,0,0.01
42095,0.05,0.01,0
42097,0.02,0,0
42099,0.01,0,0
42101,0.43,0.26,0.05
42103,0.06,0,0.01
42105,0,0,0
42107,0.03,0,0
42109,0.01,0.01,0
42111,0.02,0,0
42113,0.03,0,0
42115,0,0,0
42117,0.01,0,0
42119,0.07,0.03,0
42121,0.01,0.01,0.01
42123,0,0,0
42125,0.03,0.04,0.04
42127,0.03,0.01,0
42129,0.02,0.02,0.01
42131,0.01,0,0
42133,0.06,0.02,0.02
44001,0.01,0,0.01
44003,0.01,0,0.01
44005,0.03,0.04,0.05
44007,0.08,0.02,0.02
44009,0.01,0.02,0.03
45001,0.28,0.32,0.65
45003,0.25,0.26,0.55
45005,0.74,0.63,NULL
45007,0.16,0.2,0.38
45009,0.62,0.56,0.69
45011,0.44,0.43,0.72
45013,0.19,0.38,0.87
45015,0.25,0.5,0.78
45017,0.43,0.67,0.77
45019,0.3,0.36,0.63
45021,0.2,0.21,0.33
45023,0.37,0.4,0.65
45025,0.33,0.37,0.4
45027,0.5,0.68,0.73
45029,0.39,0.51,0.63
45031,0.42,0.44,0.59
45033,0.46,0.46,0.51
45035,0.26,0.49,0.61
45037,0.37,0.58,0.71
45039,0.59,0.59,0.76
45041,0.41,0.43,0.57
45043,0.34,0.52,0.72
45045,0.18,0.18,0.31
45047,0.31,0.3,0.62
45049,0.54,0.54,0.64
45051,0.13,0.27,0.25
45053,0.46,0.62,NULL
45055,0.25,0.4,0.61
45057,0.24,0.27,0.49
45059,0.25,0.3,0.55
45061,0.64,0.66,0.68
45063,0.14,0.17,0.36
45065,0.5,0.62,NULL
45067,0.56,0.55,0.54
45069,0.51,0.48,0.61
45071,0.31,0.35,0.64
45073,0.08,0.11,0.25
45075,0.62,0.6,0.66
45077,0.07,0.1,0.21
45079,0.46,0.32,0.54
45081,0.26,0.37,0.53
45083,0.21,0.22,0.32
45085,0.47,0.47,0.73
45087,0.31,0.3,0.52
45089,0.66,0.66,0.62
45091,0.19,0.28,0.53
47001,0.04,0.03,0.05
47003,0.08,0.12,0.24
47005,0.02,0.03,0.03
47007,0.04,0.06,0.06
47009,0.03,0.05,0.06
47011,0.04,0.05,0.11
47013,0,0.01,0.07
47015,0.01,0.02,0.05
47017,0.1,0.13,0.21
47019,0.01,0.01,0.03
47021,0.01,0.07,0.15
47023,0.09,0.13,0.17
47025,0.01,0.02,0.03
47027,0.01,0.02,0.03
47029,0.02,0.03,0.05
47031,0.03,0.04,0.1
47033,0.13,0.24,0.22
47035,0,0,0.01
47037,0.28,0.19,0.31
47039,0.03,0.06,0.1
47041,0.01,0.03,0.05
47043,0.04,0.07,0.15
47045,0.14,0.15,0.21
47047,0.28,0.69,0.75
47049,0,0,0.01
47051,0.05,0.09,0.15
47053,0.19,0.22,0.23
47055,0.1,0.18,0.33
47057,0,0.01,0.03
47059,0.02,0.03,0.04
47061,0,0,0.02
47063,0.04,0.06,0.12
47065,0.2,0.2,0.29
47067,0,0.01,0.04
47069,0.41,0.39,0.44
47071,0.03,0.06,0.12
47073,0.01,0.03,0.08
47075,0.5,0.61,0.68
47077,0.08,0.11,0.11
47079,0.08,0.15,0.23
47081,0.05,0.05,0.15
47083,0.02,0.08,0.15
47085,0.02,0.05,0.09
47087,0,0,0.02
47089,0.02,0.04,0.09
47091,0.02,0.01,0.03
47093,0.09,0.09,0.13
47095,0.28,0.23,0.38
47097,0.35,0.38,0.45
47099,0.02,0.02,0.06
47101,0.02,0.02,0.14
47103,0.07,0.13,0.21
47105,0.01,0.02,0.07
47107,0.04,0.05,0.09
47109,0.06,0.07,0.1
47111,0,0.01,0.05
47113,0.36,0.34,0.41
47115,0.04,0.06,0.12
47117,0.07,0.12,0.2
47119,0.13,0.2,0.4
47121,0.01,0.05,0.09
47123,0.02,0.04,0.06
47125,0.19,0.19,0.4
47127,0.02,0.09,0.07
47129,0.04,0.02,0.06
47131,0.11,0.12,0.18
47133,0,0.01,0.02
47135,0.02,0.04,0.07
47137,0,0,0
47139,0,0,0.02
47141,0.02,0.02,0.04
47143,0.02,0.04,0.09
47145,0.03,0.04,0.1
47147,0.07,0.17,0.25
47149,0.13,0.14,0.34
47151,0,0,0.01
47153,0,0,0.03
47155,0.01,0.01,0.02
47157,0.52,0.36,0.48
47159,0.02,0.05,0.13
47161,0.01,0.03,0.12
47163,0.02,0.02,0.05
47165,0.06,0.11,0.21
47167,0.19,0.39,0.45
47169,0.1,0.17,0.3
47171,0,0,0.02
47173,0,0,0
47175,0,0.01,0.02
47177,0.03,0.05,0.12
47179,0.04,0.04,0.08
47181,0.06,0.02,0.07
47183,0.08,0.07,0.11
47185,0.02,0.03,0.06
47187,0.04,0.2,0.32
47189,0.06,0.15,0.25
48001,0.21,0.3,0.38
48003,0.02,0.02,0
48005,0.15,0.18,0.14
48007,0.01,0.04,0.06
48009,0,0,0
48011,0.01,0,0
48013,0.01,0.01,0.02
48015,0.09,0.21,0.28
48017,0.01,0.04,0
48019,0,0,0.01
48021,0.08,0.31,0.37
48023,0.02,0.04,0
48025,0.08,0.02,0.05
48027,0.21,0.11,0.13
48029,0.08,0.07,0.1
48031,0.01,0.03,0.08
48033,0,0,0
48035,0.02,0.03,0.04
48037,0.24,0.24,0.37
48039,0.12,0.12,0.47
48041,0.11,0.21,0.47
48043,0.01,0.01,0.01
48045,0.03,0.05,0
48047,0.01,0,NULL
48049,0.04,0.03,0.02
48051,0.12,0.31,0.46
48053,0.02,0.02,0.03
48055,0.07,0.15,0.22
48057,0.03,0.05,0.14
48059,0.01,0,0
48061,0.01,0.01,0
48063,0.17,0.38,0.46
48065,0.01,0,0
48067,0.17,0.3,0.36
48069,0.02,0.04,0
48071,0.08,0.22,0.24
48073,0.15,0.26,0.26
48075,0.1,0.06,0
48077,0.01,0.01,0.01
48079,0.04,0.05,0
48081,0,0,0
48083,0.02,0.03,0.01
48085,0.08,0.11,0.05
48087,0.04,0.09,0
48089,0.13,0.25,0.37
48091,0.02,0.02,0.03
48093,0,0,0
48095,0.02,0,0
48097,0.03,0.04,0.06
48099,0.16,0.05,0.02
48101,0.09,0.08,0
48103,0.03,0.05,0
48105,0.01,0.03,0
48107,0.03,0.08,0
48109,0.01,0,NULL
48111,0.01,0.01,0
48113,0.22,0.14,0.18
48115,0.07,0.06,0
48117,0.01,0.02,0.02
48119,0.07,0.14,0.06
48121,0.08,0.06,0.07
48123,0.09,0.13,0.2
48125,0.04,0.05,0
48127,0.01,0.01,0.01
48129,0.04,0.05,0.01
48131,0.01,0,0
48133,0.02,0.02,0
48135,0.04,0.05,0
48137,0.01,0,0
48139,0.09,0.24,0.18
48141,0.03,0.03,0.03
48143,0.01,0.01,0.02
48145,0.25,0.33,0.35
48147,0.07,0.1,0.12
48149,0.07,0.14,0.25
48151,0.03,0.05,0
48153,0.04,0.07,0
48155,0.04,0.09,0
48157,0.21,0.2,0.63
48159,0.04,0.08,0.08
48161,0.16,0.39,0.43
48163,0.03,0.01,0.02
48165,0.02,0.03,0
48167,0.14,0.21,0.2
48169,0.07,0.05,0.02
48171,0,0,0.01
48173,0.01,0.01,0
48175,0.05,0.12,0.15
48177,0.07,0.18,0.29
48179,0.05,0.03,0
48181,0.06,0.09,0.12
48183,0.2,0.23,0.55
48185,0.17,0.38,0.46
48187,0.06,0.11,0.23
48189,0.05,0.05,0
48191,0.07,0.13,0
48193,0.01,0,0
48195,0.01,0,0
48197,0.06,0.12,0
48199,0.06,0.16,0.2
48201,0.19,0.2,0.27
48203,0.22,0.43,0.64
48205,0.07,0,0
48207,0.04,0.06,0.01
48209,0.04,0.06,0.14
48211,0,0,0
48213,0.06,0.21,0.21
48215,0.01,0,0
48217,0.06,0.15,0.1
48219,0.04,0.06,0
48221,0,0.01,0.02
48223,0.07,0.12,0.11
48225,0.26,0.38,0.42
48227,0.06,0.04,0
48229,0.01,0,NULL
48231,0.08,0.16,0.1
48233,0.03,0.02,0
48235,0.01,0.01,0
48237,0.04,0.01,0.01
48239,0.07,0.12,0.33
48241,0.17,0.25,0.34
48243,0.01,0,0.03
48245,0.34,0.23,0.28
48247,0,0,NULL
48249,0.01,0.01,NULL
48251,0.03,0.05,0.05
48253,0.12,0.06,0.01
48255,0.09,0.03,0.05
48257,0.1,0.3,0.24
48259,0,0.01,0.06
48261,0.01,0,NULL
48263,0.01,0.03,0
48265,0.02,0.04,0.05
48267,0,0,0
48269,0,0.07,0.01
48271,0.01,0.08,0.05
48273,0.04,0.03,NULL
48275,0.06,0.07,0
48277,0.13,0.19,0.24
48279,0.04,0.08,0
48281,0.03,0.03,0.05
48283,0,0,0.02
48285,0.07,0.1,0.17
48287,0.11,0.24,0.31
48289,0.07,0.38,0.41
48291,0.11,0.23,0.32
48293,0.18,0.28,0.27
48295,0.01,0,0
48297,0.04,0,0.01
48299,0.01,0.01,0.01
48301,0,0.04,0
48303,0.08,0.08,0
48305,0.02,0.06,0
48307,0.02,0.04,0.01
48309,0.15,0.16,0.24
48311,0.01,0,0.05
48313,0.2,0.33,0.27
48315,0.22,0.52,0.64
48317,0.02,0.04,0
48319,0,0.01,0.01
48321,0.11,0.21,0.33
48323,0,0,0.02
48325,0.02,0.01,0.03
48327,0.01,0.01,0.01
48329,0.07,0.09,0.01
48331,0.1,0.18,0.26
48333,0.01,0,0
48335,0.11,0.07,0.02
48337,0,0,0
48339,0.04,0.23,0.45
48341,0.02,0,0
48343,0.23,0.27,0.36
48345,0.02,0.09,0
48347,0.18,0.27,0.26
48349,0.14,0.25,0.23
48351,0.2,0.33,0.36
48353,0.05,0.04,0.01
48355,0.04,0.05,0.03
48357,0,0,0
48359,0.03,0,0
48361,0.09,0.1,0.2
48363,0.02,0.04,0.03
48365,0.16,0.31,0.43
48367,0.02,0.02,0.03
48369,0.01,0.03,0
48371,0.04,0.01,0
48373,0.11,0.29,0.38
48375,0.1,0.07,0.01
48377,0.01,0,0.01
48379,0.02,0.1,0.09
48381,0.02,0,0
48383,0.02,0.07,0.01
48385,0.01,0,NULL
48387,0.17,0.24,0.3
48389,0.05,0.04,0.02
48391,0.07,0.09,0.17
48393,0,0,0
48395,0.22,0.4,0.53
48397,0.06,0.23,0.09
48399,0.02,0.03,0.01
48401,0.18,0.29,0.42
48403,0.07,0.26,0.2
48405,0.23,0.39,0.31
48407,0.1,0.52,0.54
48409,0.02,0.02,0.01
48411,0.03,0.01,0.01
48413,0.01,0.03,0.02
48415,0.05,0.03,0
48417,0.01,0.03,0.03
48419,0.17,0.26,0.2
48421,0,0,0
48423,0.18,0.27,0.41
48425,0.01,0,0
48427,0,0,0
48429,0.02,0.04,0
48431,0.01,0.01,0
48433,0.03,0.04,0
48435,0,0.01,0
48437,0.07,0.04,0
48439,0.15,0.11,0.14
48441,0.07,0.05,0.02
48443,0.01,0,0
48445,0.05,0.04,0
48447,0.01,0,0
48449,0.1,0.18,0.19
48451,0.04,0.05,0.04
48453,0.09,0.13,0.28
48455,0.09,0.27,0.25
48457,0.11,0.21,0.22
48459,0.09,0.26,0.28
48461,0.02,0.04,0.02
48463,0.01,0.01,0.02
48465,0.02,0.03,0.02
48467,0.03,0.07,0.06
48469,0.06,0.09,0.24
48471,0.22,0.33,0.52
48473,0.25,0.54,0.55
48475,0.05,0.03,0
48477,0.18,0.32,0.47
48479,0,0,0
48481,0.14,0.2,0.42
48483,0.02,0.04,0
48485,0.11,0.07,0.04
48487,0.08,0.09,0.01
48489,0.02,0.01,NULL
48491,0.06,0.14,0.17
48493,0.02,0.02,0.06
48495,0.02,0.03,0
48497,0.01,0.01,0
48499,0.05,0.16,0.17
48501,0.01,0.01,0
48503,0.01,0.01,0
48505,0,0,0
48507,0.01,0.01,0
50001,0.01,0,0
50003,0.01,0,0
50005,0.01,0,0
50007,0.02,0,0.03
50009,0,0,0
50011,0,0,0
50013,0,0,0
50015,0.01,0,0
50017,0,0,0
50019,0.01,0,0
50021,0.01,0,0
50023,0.01,0,0
50025,0.01,0,0
50027,0.01,0,0
51001,0.28,0.39,0.36
51003,0.1,0.15,0.32
51005,0.05,0.04,0.21
51007,0.23,0.51,0.63
51009,0.19,0.23,0.39
51011,0.2,0.25,0.35
51013,0.08,0.05,NULL
51015,0.04,0.04,0.14
51017,0.05,0.09,0.18
51019,0.06,0.19,0.29
51021,0.03,0.03,0.03
51023,0.03,0.09,0.2
51025,0.57,0.59,0.59
51027,0.03,0,0
51029,0.35,0.45,0.5
51031,0.14,0.21,0.39
51033,0.29,0.52,0.53
51035,0.01,0,0.01
51036,0.48,0.75,0.72
51037,0.3,0.4,0.53
51041,0.22,0.13,0.35
51043,0.05,0.17,0.25
51045,0,0,0.04
51047,0.16,0.27,0.39
51049,0.33,0.54,0.66
51051,0,0.01,0
51053,0.33,0.62,0.61
51057,0.38,0.47,0.58
51059,0.09,0.05,0.24
51061,0.08,0.26,0.33
51063,0.02,0.05,0.06
51065,0.15,0.38,0.41
51067,0.08,0.14,0.21
51069,0.04,0.02,0.05
51071,0.02,0.03,0.06
51073,0.09,0.28,0.47
51075,0.19,0.48,0.57
51077,0.02,0.04,0.05
51079,0.06,0.12,0.19
51081,0.6,0.55,0.62
51083,0.37,0.44,0.5
51085,0.09,0.25,0.41
51087,0.3,0.05,0.29
51089,0.22,0.23,0.4
51091,0,0.01,0.05
51093,0.25,0.53,0.5
51095,0.13,0.35,0.48
51097,0.28,0.52,0.56
51099,0.18,0.27,0.46
51101,0.18,0.44,0.57
51103,0.28,0.4,0.53
51105,0.04,0.01,0.04
51107,0.07,0.18,0.25
51109,0.18,0.4,0.48
51111,0.35,0.42,0.53
51113,0.1,0.22,0.32
51115,0.09,0.25,0.28
51117,0.37,0.47,0.57
51119,0.18,0.41,0.52
51121,0.04,0.04,0.13
51125,0.13,0.28,0.31
51127,0.13,0.51,0.6
51131,0.37,0.54,0.56
51133,0.25,0.43,0.4
51135,0.39,0.43,0.55
51137,0.13,0.22,0.41
51139,0.02,0.03,0.08
51141,0.06,0.09,0.09
51143,0.22,0.34,0.4
51145,0.14,0.4,0.6
51147,0.33,0.4,0.59
51149,0.32,0.23,0.58
51153,0.2,0.08,0.23
51155,0.05,0.07,0.17
51157,0.04,0.18,0.27
51159,0.3,0.35,0.41
51161,0.05,0.06,0.18
51163,0.03,0.08,0.17
51165,0.02,0.02,0.07
51167,0.01,0.02,0.04
51169,0.01,0.01,0.02
51171,0.02,0.02,0.02
51173,0.02,0.02,0.05
51175,0.37,0.58,0.61
51177,0.15,0.23,0.36
51179,0.17,0.12,0.21
51181,0.46,0.65,0.62
51183,0.58,0.66,0.66
51185,0.03,0.04,0.11
51187,0.05,0.07,0.13
51191,0.01,0.02,0.07
51193,0.28,0.47,0.5
51195,0.05,0.03,0.08
51197,0.03,0.04,0.11
51199,0.13,0.22,0.49
51515,0.2,NULL,NULL
51595,0.63,NULL,NULL
51678,0.1,NULL,NULL
51683,0.14,NULL,NULL
51685,0.13,NULL,NULL
51735,0.01,NULL,NULL
51775,0.07,NULL,NULL
53001,0.01,0,0
53003,0,0,0
53005,0.01,0,0
53007,0,0,0
53009,0.01,0,0
53011,0.02,0,0
53013,0,0,0
53015,0.01,0,0
53017,0,0,0
53019,0,0,0
53021,0.02,0.05,0
53023,0,0,0
53025,0.01,0.02,0
53027,0.01,0,NULL
53029,0.02,0.01,0
53031,0.01,0,0
53033,0.06,0.03,0.01
53035,0.03,0.01,0
53037,0.01,0,0.01
53039,0,0,0
53041,0.01,0,0
53043,0,0,0
53045,0.01,0,0
53047,0,0,0
53049,0,0,0
53051,0,0,NULL
53053,0.07,0.03,0.01
53055,0,0,0
53057,0.01,0,0
53059,0,0,0
53061,0.03,0,0
53063,0.02,0.01,0.01
53065,0,0,0
53067,0.03,0,0
53069,0,0,0
53071,0.02,0.01,0
53073,0.01,0,0
53075,0.02,0,0
53077,0.01,0.01,0.01
54001,0.01,0.01,0.06
54003,0.07,0.04,0.08
54005,0,0.01,0.02
54007,0,0.01,0.01
54009,0.01,0.01,0.01
54011,0.05,0.04,0.05
54013,0,0,0.01
54015,0,0.01,0
54017,0.01,0,0
54019,0.05,0.12,0.18
54021,0.12,0,0
54023,0.01,0.03,0.03
54025,0.03,0.05,0.07
54027,0.01,0.01,0.03
54029,0.02,0.04,0
54031,0.03,0.03,0.04
54033,0.02,0.02,0.03
54035,0,0,0
54037,0.07,0.15,0.22
54039,0.07,0.06,0.08
54041,0,0,0.01
54043,0,0,0
54045,0.02,0.08,0.04
54047,0.1,0.22,0.31
54049,0.03,0.04,0.02
54051,0.01,0.01,0.02
54053,0.01,0.02,0.02
54055,0.06,0.11,0.16
54057,0.03,0.03,0.04
54059,0.02,0.05,0.06
54061,0.04,0.02,0.01
54063,0.01,0.03,0.05
54065,0.01,0.02,0.02
54067,0,0,0
54069,0.04,0.03,0.02
54071,0.02,0.02,0.01
54073,0.01,0,0
54075,0.01,0.04,0.03
54077,0.01,0,0.01
54079,0.01,0,0.02
54081,0.08,0.12,0.08
54083,0.01,0.01,0.01
54085,0,0,0
54087,0,0,0
54089,0.05,0.07,0.06
54091,0.01,0.01,0.03
54093,0,0,0.02
54095,0,0,0.01
54097,0.01,0,0.01
54099,0,0,0.01
54101,0,0,0
54103,0,0,0
54105,0,0,0
54107,0.01,0.01,0.02
54109,0,0.04,0.01
55001,0.03,0,0
55003,0,0,0
55005,0.01,0,0
55007,0,0,0
55009,0.02,0,0
55011,0,0,0
55013,0.01,0,0
55015,0.01,0,0
55017,0.02,0,0
55019,0,0,0
55021,0.01,0,0
55023,0.02,0,0
55025,0.05,0.01,0
55027,0.03,0,0
55029,0.01,0,0
55031,0.01,0,0
55033,0.01,0,0
55035,0.01,0,0
55037,0,0,0
55039,0.01,0,0
55041,0.01,0,0
55043,0.01,0,0
55045,0,0,0
55047,0,0,0
55049,0,0,0
55051,0,0,0
55053,0.02,0,0
55055,0.01,0,0
55057,0.02,0,0
55059,0.07,0.01,0
55061,0,0,0
55063,0.01,0,0
55065,0,0,0
55067,0,0,0
55069,0.01,0,0
55071,0.01,0,0
55073,0.01,0,0
55075,0,0,0
55077,0,0,0
55078,0,NULL,NULL
55079,0.27,0.06,0
55081,0.01,0,0
55083,0,0,0
55085,0,0,0
55087,0.01,0,0
55089,0.01,0,0
55091,0,0,0
55093,0.01,0,0
55095,0,0,0
55097,0.01,0,0
55099,0,0,0
55101,0.11,0.04,0
55103,0,0,0
55105,0.05,0.02,0
55107,0,0,0
55109,0.01,0,0
55111,0.01,0,0
55113,0,0,0
55115,0,0,0
55117,0.01,0,0
55119,0,0,0
55121,0,0,0
55123,0,0,0
55125,0,0,0
55127,0.01,0,0
55129,0,0,0
55131,0.01,0,0
55133,0.01,0,0
55135,0,0,0
55137,0.02,0,0
55137,0.02,0,0
55139,0.02,0,0
55139,0.02,0,0
55141,0.01,0,0
55141,0.01,0,0
