"county","total_1960","black_1960","total_1910","black_1910","total_2010","black_2010"
17031,5129725,861146,2405233,46627,5194675,1287767
48201,1243158,246351,115693,30950,4092459,775492
36047,2627319,371405,1634351,22708,2504700,860083
12086,NULL,NULL,NULL,NULL,2496435,472976
48113,951527,137954,135748,24355,2368139,528200
36081,1809578,145855,284041,3198,2230722,426683
53033,935014,27805,284638,2487,1931249,119801
26163,2666297,529582,531591,6085,1820584,737943
48439,538495,59026,108572,15418,1809034,268983
12011,333946,54816,NULL,NULL,1748066,467519
48029,687151,45314,119676,11642,1714773,128892
36061,1698281,397101,2762522,64651,1585873,246687
42101,2002512,529240,1549008,84459,1526006,661839
25017,1238742,13066,669915,8583,1503085,70021
36103,666784,33035,96138,2771,1493350,111224
36005,1424815,163896,NULL,NULL,1385108,505200
36059,1300171,39350,83930,2317,1339532,149049
12099,228106,51953,5577,2220,1320134,228690
39035,1647895,255310,637425,8763,1280122,380198
12057,397788,55498,78374,16445,1229226,205073
42003,1628587,134122,1018463,34217,1223348,161861
26125,690259,23026,49576,251,1202362,164078
39049,682962,80235,221567,14006,1163414,247225
12095,263540,39088,19107,7604,1145956,238241
51059,275002,13821,20536,4864,1081726,99218
48453,212136,26863,55620,15473,1024266,87308
29189,703532,19007,82417,4253,998954,233029
24031,340928,11527,32089,9235,971777,167315
15003,500409,4878,NULL,NULL,953207,19256
36119,808891,60455,283055,8986,949113,138118
55079,1036041,63024,433187,996,947735,253764
47157,627019,227445,191439,91719,927644,483381
13121,556326,193024,177733,57985,920581,405575
37119,272111,66701,67031,25481,919628,282804
36029,1064688,74880,528985,2059,919040,123931
17043,313459,677,33432,171,916924,42346
9001,653589,33614,245322,3516,916829,99317
12103,374665,33088,NULL,NULL,916542,94745
34003,780255,16269,138002,3295,905116,52473
18097,697567,99912,263661,23256,903393,240975
37183,169082,43851,63229,25870,900993,186510
9003,689555,31715,250182,2934,894014,119191
12031,455411,105655,75163,37270,864263,255018
24033,357395,31011,36147,11493,863420,556620
9009,660315,34122,337282,5634,862477,109850
26099,405804,6262,32606,102,840978,72723
34023,433856,16489,114426,1846,809858,78462
13135,43541,3502,28824,4431,805321,190167
24005,492428,17054,122349,12601,805029,209738
39061,864121,123437,460732,24300,802374,205952
48141,314070,8571,52599,1562,800647,24864
42091,516682,18834,169590,6021,799874,69351
25027,583228,3218,399657,1847,798552,33314
53053,321590,10520,120812,889,795225,53998
34013,923545,180737,512886,18104,783969,320479
48085,41247,4407,49021,2206,782341,66387
48215,180904,456,13728,62,774769,4569
36055,586387,24184,283212,1224,744344,113171
25009,568831,2488,436477,2024,743159,27985
21111,610947,78350,262920,45794,741096,154246
41051,522813,16082,226261,1081,735334,41401
25025,791329,63676,731388,13886,722023,156292
53061,172199,456,59209,219,713335,18168
17097,293656,11719,55058,491,703462,49033
13089,256782,22171,27881,8362,691893,375725
13067,114174,8032,28397,7418,688078,171774
17197,191617,11915,84371,1134,677560,75743
29095,622732,84022,283522,24936,674158,161367
25021,510256,1502,187506,797,670850,38148
48121,47432,2884,31258,2210,662614,55534
1073,634864,219542,226476,90617,658466,276525
34017,610734,41327,537231,7173,634266,83925
34025,334401,30730,94734,8279,630380,46443
47037,399743,76437,149478,46710,626681,173730
44007,568778,13275,424353,6391,626667,53040
42017,308567,5488,76530,1832,625249,22376
2451,939024,325589,558485,84749,620961,395781
12071,54539,8540,6294,937,618754,51069
26081,363187,14630,159145,729,602622,58648
12105,195139,35960,24148,7419,602095,88833
11001,763956,411737,331069,94446,601723,305125
48157,40527,8104,18168,11422,585375,125818
34029,108241,3351,21318,438,576567,18164
42045,553154,38529,117906,11897,558979,110260
25005,398488,4702,318573,4003,548285,17832
12009,111435,12334,4717,1399,543376,54799
39153,513569,41256,108253,757,541781,78120
10003,307446,36039,123188,15682,538479,127786
24003,206634,29708,39553,14136,537656,83484
34039,504255,37972,140197,5353,536499,118313
39113,527080,61886,163763,5481,535153,111870
41067,92237,54,21522,7,529710,9616
42071,278359,3574,167029,2299,519445,19035
17089,208246,4675,91862,760,515269,29422
34007,392035,35297,142029,9402,513657,100441
34031,406618,26799,215902,2401,501226,64295
42029,210608,17374,109213,10622,498886,30623
18089,513269,87109,82864,493,496005,128263
25023,248449,4563,144337,2484,494919,35608
12127,125319,21048,16510,6592,494593,51791
34027,261620,5375,74704,1940,492276,15360
37081,246520,51159,60497,15379,488406,158899
55025,222095,1611,77435,173,488073,25347
53063,278333,2993,139404,1170,471221,8056
36085,221991,9674,85969,1152,468730,49857
36067,423028,11767,200298,1296,467026,51220
12101,36785,4065,7502,2456,464697,20700
25013,429353,14737,231369,1757,463490,41644
48339,26839,6125,15679,7104,455746,19401
45045,209776,36786,68377,20861,451225,81497
34005,224499,14280,66565,3454,448734,74505
39095,456931,42863,192728,1918,441815,83926
22033,230058,72993,34580,21342,440171,199505
5181,8091,515,NULL,NULL,437994,85935
42133,238336,5301,136405,2113,434972,24344
22051,208769,31625,18247,6785,432552,113887
47093,250523,22709,94187,12709,432226,38045
19153,266315,10535,110438,3591,430640,25853
26049,374313,36553,64555,416,425790,88127
53011,93809,440,26115,47,425363,8426
12117,54947,13500,NULL,NULL,422718,47107
48491,35044,4878,42228,7370,422679,26196
1097,314301,100968,80854,34719,412992,142992
42011,275414,4689,183222,1007,411442,20143
48061,151098,922,27158,74,406220,2155
51153,50164,3965,12026,2825,402002,81196
33011,178161,312,126072,77,400721,8298
16001,93460,246,29088,168,392365,4441
55133,158249,146,37100,74,389891,4914
45079,200102,64845,55143,29533,384504,176538
5119,242980,51945,86751,35462,382748,133858
12115,76895,7412,NULL,NULL,379448,17815
41005,113038,99,29931,11,375992,3082
39151,340345,18303,122987,752,375586,28537
36071,183734,9644,116001,3081,372813,37946
39017,199076,10315,70271,1781,368130,26972
34021,266392,33714,125657,5125,366513,74318
42129,352629,7090,231304,2641,365169,8562
29183,52970,868,24695,1718,360485,14960
18003,232196,11702,93386,601,355329,41618
41039,162890,336,33783,13,351715,3369
37067,189428,45659,47311,14027,350670,91227
45019,216382,78488,88594,56033,350209,104239
42077,227536,957,118832,247,349497,21440
26161,172440,11773,44714,1130,344791,43767
22071,627525,233514,339075,89262,343829,206871
48355,221573,10108,21955,742,340223,13637
47065,237905,47241,89267,26026,336463,67900
1089,117348,21910,47041,18894,334811,80376
12083,51616,18001,26941,16376,331298,40828
34035,143913,4476,38820,1414,323444,28943
12081,69168,10452,9550,2346,322833,28230
12021,15753,2280,NULL,NULL,321520,21087
42079,346972,1081,343186,924,320918,10767
37051,148418,37690,35284,15353,319431,117117
2951,750026,214377,687029,43960,319294,157160
51041,71197,9405,21299,7527,316236,69412
41047,120888,226,39780,58,315335,3371
48039,76204,9073,13299,6237,313166,37761
51107,24549,4335,21167,5221,312311,22710
36087,136803,6854,46873,1534,311687,37058
48027,94097,10651,49186,6302,310235,66700
17111,84210,22,32509,29,308760,3283
51087,117339,5989,23437,6837,306935,90669
36001,272926,11210,173666,1222,304204,38609
39093,217500,12234,76037,1521,301356,25799
42095,201412,2297,127667,615,297735,14986
12033,173829,35856,38029,15111,297619,68282
36027,176008,9917,87661,2367,297488,29518
12069,57383,11122,9509,3627,297052,29103
21067,131906,20037,47715,14879,295803,42972
17201,209765,8574,63153,257,295266,36108
33015,99029,1375,52188,158,295223,1996
48167,140364,29846,44479,8747,291309,40112
34015,134840,12262,37368,2375,288288,29006
24027,36152,4049,16106,3772,287085,50188
45083,156830,34660,83465,26410,284307,58565
23005,182751,648,112014,428,281674,6781
26065,211296,7447,53310,404,280895,33047
42049,250682,6994,115517,392,280566,20155
48303,156271,12306,3624,5,278831,20952
12111,39294,12732,4075,865,277789,53036
12073,74225,24282,19427,14726,275487,83520
29077,126276,2358,63831,2625,275174,7892
18057,40132,319,27026,555,274569,9603
34001,160880,28225,71894,10782,274549,44138
9011,185745,4566,91253,1431,274055,16025
17163,262509,47857,119870,8110,270056,82302
45051,68247,18199,26995,6668,269291,36202
17119,224689,11933,89847,3146,269282,21235
12097,19029,1977,5507,927,268685,30369
42043,220255,21172,136152,6536,268100,48386
37063,111995,35862,35276,12383,267587,101577
18141,238614,14022,84312,722,266931,33958
13051,188299,63930,79690,43981,265128,106392
26139,98719,211,45301,42,263801,3874
47149,52368,7108,33199,11357,262604,32886
45063,60726,10460,32040,11638,262391,37522
13063,46365,4745,10453,4632,259424,171480
22017,223859,81486,58200,36142,254969,120264
48245,245659,57171,38182,10676,252273,85291
53067,55049,68,17581,24,252264,6752
53035,84176,1243,17647,43,251133,6650
26077,169712,5756,60427,790,250331,27266
48479,64791,208,22503,38,250304,1132
55009,125082,128,54098,69,248007,5491
12001,74074,19412,34305,19092,247336,50282
28049,187045,74750,63726,45407,245285,169370
24025,76722,7420,27965,5116,244826,31058
53077,145112,1626,41709,354,243231,2320
5171,305872,78806,67452,25039,242803,104672
39099,300480,34949,116151,2083,238823,37433
37021,130074,14040,49798,7982,238318,15211
42041,124816,1847,54479,1788,235406,7527
48309,150091,24036,73250,17234,234906,34767
36065,264401,4768,154157,632,234878,14688
22103,38643,10532,18917,6731,233740,26645
24021,71930,5083,52673,5399,233385,20148
39085,148700,1963,22927,237,230041,7306
1101,169210,64474,82178,56867,229363,125477
45091,78760,22181,47718,25275,226073,43003
5155,NULL,NULL,NULL,NULL,222209,66237
29047,87474,723,20302,1052,221939,11506
22055,84656,20317,28733,10734,221578,57073
5007,36272,23,33389,110,221339,2814
36091,89096,811,61917,697,219607,3269
29099,66377,831,27878,1565,218733,1798
36063,242269,8030,92036,435,216469,14851
25001,70286,1702,27542,897,215888,4062
42069,234531,763,259570,696,214437,5423
13057,23001,902,16661,1168,214346,12117
39165,65711,909,24497,729,212693,6940
19113,136899,1183,60720,258,211226,8346
39155,208526,11731,52766,208,210312,17417
48423,86350,23341,41746,17246,209714,37629
42125,217271,9134,143680,5888,207820,6757
51013,163401,8590,NULL,NULL,207627,17632
37071,127074,16560,37063,8502,206086,31431
5176,219958,91972,127628,46733,204214,103342
13151,17619,7495,19927,10184,203922,75277
41029,73962,32,25756,41,203206,1372
5143,55797,466,33889,614,203065,6006
37129,71742,19865,32037,15302,202667,29907
37179,44670,9562,33277,9337,201292,23558
53073,70317,57,49511,56,201140,1929
17019,132436,6770,51829,950,201081,24946
36007,212661,1290,78809,725,200600,9614
13245,135601,42513,58886,28390,200549,108633
26145,190752,18777,89290,343,200169,38114
18039,106790,2219,49008,91,197559,11307
17167,146539,5923,91024,3633,197465,23335
39025,80530,999,29551,865,197363,2284
10005,73195,15079,46413,7938,197145,25115
23031,99402,188,68526,52,197131,1108
55101,141781,5289,57424,115,195408,21767
1117,32132,6071,26949,7641,195085,20732
48041,44895,9340,18919,8827,194851,21414
1125,109047,31303,47559,19026,194656,57611
54039,252925,14535,81457,6476,193063,14115
22019,145475,30239,62767,16562,192768,47782
12019,19535,2652,6116,2453,190865,18831
12109,30034,8213,13208,5454,190039,10684
9005,119856,845,70260,758,189927,2558
13215,158623,37929,36227,16747,189885,86403
16027,57662,123,25323,33,188923,1077
45007,98478,19218,69568,26335,187126,30020
28047,119489,19057,34658,10643,187105,41393
17143,189044,10157,100255,1737,186494,33030
15001,61332,33,NULL,NULL,185079,1020
42019,114639,513,72689,217,183862,2021
47187,25267,5051,24213,7828,183182,7941
36111,118804,4003,91769,2026,182493,10982
1003,49088,10309,18178,5110,182265,17105
26093,38233,229,17736,35,180967,809
12091,61175,3972,NULL,NULL,180822,16797
18163,165794,9547,77438,6548,179703,16347
13139,49739,5356,25730,4030,179684,13279
37025,68137,10811,26240,6095,178011,27219
45015,38196,18920,23487,18231,177843,44514
37133,82706,10511,14125,4238,177772,27672
55087,101794,3,49102,28,176695,1736
13117,12170,4,11940,1098,175511,4510
53005,62070,296,7937,6,175177,2221
39041,36107,877,27182,671,174214,5837
18157,89122,632,40063,387,172780,6913
12053,11205,2352,4997,2781,172778,8816
39103,65315,612,23598,114,172332,2027
47125,55645,10754,33672,13430,172331,32982
26121,149943,12649,40577,79,172188,24882
42007,206948,11153,78353,1235,170539,10676
42089,39567,588,22941,185,169842,22348
17113,83877,1241,68008,1118,169572,12426
37101,62936,14116,41401,10169,168878,25546
12005,67131,9894,NULL,NULL,168852,18180
37147,69942,30467,36340,18106,168148,57257
24013,52785,2175,33934,2006,167134,5332
55139,107928,52,62116,110,166994,2975
55139,107928,52,62116,110,166994,2975
39089,90242,1285,55590,432,166492,5701
55059,100615,957,32929,40,166426,11052
44003,112619,325,36378,266,166158,2405
9007,88865,1865,45637,367,165676,7727
19163,119067,1866,60000,572,165224,11728
18127,60279,69,20540,8,164343,4894
26147,107201,2393,52341,65,163040,3976
37057,79493,8622,29404,3744,162878,14421
29019,55202,3268,30533,4185,162642,15111
10001,65651,9570,32721,7561,162310,38913
45013,44187,16969,30355,26376,162233,31290
39057,94642,6514,29733,3970,161573,11681
39133,91798,2438,30307,192,161419,6687
28033,23891,14625,23130,17572,161252,35266
47165,36217,4118,25621,5386,160645,10311
55105,113913,2294,55538,157,160331,7978
26075,131994,7379,53426,399,160248,12739
45003,81038,21310,41849,22850,160099,39354
12015,12594,717,NULL,NULL,159978,9089
21117,120700,3861,70355,3228,159720,7359
37097,62526,11125,34315,7456,159437,19047
36083,142585,2366,122276,798,159429,10338
25015,103229,342,63327,281,158080,3925
41017,23100,18,NULL,NULL,157733,568
48209,19934,1101,15518,2165,157107,5536
34011,106850,13028,55153,2641,156898,31741
47163,114139,2471,28120,1535,156823,3329
26021,149865,12688,53622,713,156813,24037
50007,74425,215,42447,1114,156545,3319
13021,141249,47131,56646,27481,155547,81116
15009,42576,25,NULL,NULL,154834,870
36093,152896,2171,88235,288,154727,14710
37035,73191,6770,27918,3471,154358,13041
42027,78580,611,43424,265,153990,4638
23019,126346,746,85285,246,153923,1159
22073,101663,32727,25830,14153,153720,56216
9013,68737,443,26459,109,152691,5011
26115,101120,1938,32917,88,152021,3237
12113,29547,2018,14897,4234,151372,8205
37001,85674,14740,28712,7173,151131,28369
48251,34720,1668,34460,1637,150934,3979
42055,88172,1716,59775,1716,149618,4700
48139,43395,10243,53629,9623,149610,13482
34037,49255,160,26781,168,149265,2677
42107,173027,358,207894,242,148289,3967
17161,150991,4290,70404,822,147546,13289
24043,91219,2585,49617,2113,147430,14133
24017,32572,10835,16386,8572,146551,60031
33013,67785,65,53335,122,146445,1530
12085,16932,3392,NULL,NULL,146318,7842
39045,63912,475,39201,449,146156,8702
18063,40896,253,20840,301,145448,7084
42021,203283,3526,166131,640,143679,5222
13223,13101,1203,14124,1588,142324,24321
37151,61497,5105,29491,3421,141752,8176
28121,34322,12806,23944,14249,141617,26634
12017,9268,1647,6731,3635,141236,3987
1081,49754,18233,32867,19643,140247,31901
5151,91023,10353,15329,4188,139966,30491
13153,39154,8761,23609,17388,139900,39998
28059,55522,10817,15451,5467,139668,30034
18081,43704,370,20394,360,139654,1578
16055,29556,1,22747,44,138494,416
37159,82817,13917,37521,9074,138428,22392
39023,131440,12251,66435,5583,138333,12128
12061,25309,5380,NULL,NULL,138028,12397
18105,59225,704,23426,438,137974,4491
5165,89258,18851,NULL,NULL,137436,68104
48135,90995,4814,1178,0,137130,6141
45041,84438,36484,35671,20340,136885,56506
48329,67717,6265,3464,26,136872,9087
42051,169340,8055,167449,5852,136606,6325
45035,24383,11892,17891,10982,136555,35266
26025,138858,9922,56638,690,136146,14872
17179,99789,14,34027,25,135394,1374
36013,145377,1259,105126,169,134905,3197
37155,89102,26256,51945,22518,134168,32637
55073,88874,18,55054,12,134063,841
37135,42970,10131,15064,4926,133801,15928
42075,90853,350,59565,215,133568,2885
13097,16741,2479,8953,2171,132403,52290
55131,46119,8,23784,6,131887,1155
18095,125819,4976,65224,690,131636,10963
22079,111351,33769,44545,21445,131613,42113
48187,29017,3296,24913,5681,131533,8512
48441,101078,4583,26293,639,131506,9699
48485,123528,8701,16094,612,131500,13811
25003,142135,1422,105259,1149,131219,3572
19013,122482,4850,44865,29,131090,11640
19103,53663,317,25914,65,130882,6305
51179,16876,1954,8070,1720,128961,21881
34019,54107,1128,33569,438,128349,3451
22063,26974,4038,10627,1377,128026,6505
13077,28893,10464,28800,16267,127317,22029
42013,137270,1126,108858,786,127089,2129
44009,59054,1082,24942,838,126979,1482
5131,66685,4540,52278,5410,125744,8019
39173,72596,380,46330,150,125488,3022
39139,117761,6853,47667,253,124475,11709
13073,13423,4770,12328,9198,124053,18439
33017,59799,32,38951,25,123143,1242
47009,57525,2760,20809,1221,123010,3380
47179,64832,2501,28968,2267,122979,4814
37191,82059,30106,35698,15579,122623,38499
51177,13819,3152,9935,3593,122397,18671
23011,89150,99,62863,139,122151,687
36075,86118,194,71664,437,122109,972
48183,69436,15891,14140,7781,121730,24390
22105,59434,20111,29160,9135,121097,36654
48375,115580,7711,12424,149,121073,12365
48181,73043,6421,65996,7753,120877,7081
48381,33913,53,3312,0,120725,2867
1103,60454,7625,33781,8198,119490,14185
45077,46030,4600,25422,5430,119224,7854
21015,21940,149,9420,478,118811,2992
1015,95878,17936,39115,10757,118572,24382
9015,68572,279,48361,425,118428,2617
18035,110938,5762,51414,1460,117671,8146
29097,78863,1049,89673,1368,117404,2267
22015,57622,14241,21738,16735,116979,24461
48367,22880,432,26331,693,116927,1915
53057,51350,68,29241,30,116901,774
13059,45363,11522,23273,11767,116714,30988
41043,58867,14,22662,2,116672,534
42085,127519,5022,77699,621,116638,6726
36045,87835,232,80382,244,116229,5876
42081,109367,1245,80813,1182,116111,5203
55117,86484,6,54888,19,115507,1684
17093,17540,7,10777,51,114736,6585
37085,48236,13032,22174,6442,114678,23973
55063,72465,25,43996,74,114638,1610
39169,75497,1075,38058,70,114520,1712
47189,27668,4117,25394,6303,113993,7297
17099,110800,520,90132,311,113924,2186
21227,45491,4420,30579,6113,113792,10311
17091,92063,8015,40752,315,113449,17187
5045,24303,2602,23708,4460,113237,11568
36089,111239,96,89005,56,111944,2420
22109,60771,10401,28320,11194,111860,21139
18091,95111,4890,45797,338,111467,12001
26005,57729,738,39819,241,111408,1358
17115,118257,6004,54186,906,110768,18027
13045,36451,6987,30855,6383,110527,20089
18019,62795,2821,30260,2745,110232,7661
48451,64630,3114,17882,716,110224,4445
13185,49270,15927,24436,12955,109233,39142
34041,63220,542,43187,364,108692,3818
48091,19844,411,8434,232,108472,1727
36069,68070,960,52286,365,107931,2432
18167,108458,4802,87930,3323,107848,7437
39029,107004,1718,76619,967,107841,2405
26017,107042,587,68238,188,107771,1702
26045,49684,90,30499,74,107759,6811
23001,86312,95,59822,73,107702,3931
41019,68458,31,19674,11,107667,317
45085,74941,34997,38472,28103,107456,50414
37019,20278,7159,14432,5406,107431,12291
22005,27927,8906,23887,11255,107215,23846
5125,28956,1856,16657,1833,107118,4994
37089,36163,1961,16262,1815,106740,3224
13113,8199,2431,10966,3815,106567,21395
39003,103691,7322,56580,1030,106331,12639
21093,67789,4597,22696,1826,105543,12275
17037,51714,259,33457,151,105160,6732
24037,38915,7186,17030,7304,105151,15030
1055,96980,14958,39109,6804,104430,15796
16019,46906,85,NULL,NULL,104234,585
54003,33791,1301,21999,1801,104169,7432
37049,58773,16742,25594,14310,103505,23193
48257,29931,8931,35323,8374,103350,10730
13313,42109,1904,15934,1719,102599,3845
39109,72901,1386,45047,1109,102506,2084
53015,57801,131,12561,9,102410,642
55127,52368,158,29614,64,102228,980
19193,107849,1257,67616,317,102172,2456
55039,75085,54,51610,54,101633,1305
36109,66164,1241,33647,533,101564,4020
1069,50718,13870,32414,9597,101547,26176
39007,93067,2119,59547,217,101497,3586
29071,44566,543,29830,1365,101492,854
42001,51906,330,34319,325,101407,1561
24015,48408,2876,23759,3315,101108,6284
13015,28267,4279,25388,6348,100157,10178
13217,20999,7248,18449,9458,99958,40878
26091,77789,399,47907,245,99892,2539
51085,27550,6960,17200,7040,99863,9304
36079,31722,116,14665,190,99710,2350
29037,29702,307,22973,510,99478,3517
41071,32478,22,18285,6,99193,872
36101,97691,790,83362,357,98990,1540
51003,30969,4545,29871,9673,98970,9600
47011,38324,1994,16336,1717,98963,4219
12055,21338,4457,NULL,NULL,98786,9263
55035,58300,13,32721,33,98736,874
24045,49050,10964,26815,6310,98733,23873
47113,60655,20651,39357,16167,98294,35636
37045,66048,14779,29494,5779,98078,20332
34009,48555,3902,19745,1444,97265,4565
5177,97110,16527,34874,7924,97032,27612
21059,70588,3107,41020,5195,96656,4626
5031,47303,1584,27627,1328,96443,12640
54011,108202,4760,46685,2447,96319,4784
22057,55381,6513,33111,7973,96318,12746
13115,69130,9914,36736,10482,96317,13640
54061,55617,1133,24334,294,96189,3496
5051,46697,4964,27271,4665,96024,7615
37127,61002,24205,33727,14104,95840,35650
12035,4566,1733,NULL,NULL,95696,10884
5174,114773,39290,33190,11617,95535,50878
28089,32904,23630,33505,27298,95203,36368
13095,75680,25922,16035,12049,94565,63470
42097,104138,143,111420,237,94528,1921
51121,32923,1422,17268,2323,94392,3716
36117,67989,1517,50179,194,93772,2887
19061,80048,83,57450,96,93653,2486
37157,69629,14649,36442,10474,93643,17655
12119,11869,3053,6696,2255,93420,9022
39055,47573,1032,14670,9,93389,1198
19155,83102,593,55832,353,93158,1267
1095,48018,1113,28553,1365,93019,1494
1077,61622,7242,30936,7096,92709,9257
39157,76789,793,57035,194,92582,719
48037,59971,14364,34827,12734,92565,22387
45075,68559,41181,55893,36794,92501,57535
51161,61693,3662,19623,3525,92376,4643
42073,112965,2815,70032,699,91108,3501
37023,52701,3700,21408,2570,90912,6012
21037,86803,823,59369,735,90336,2290
47155,24251,184,22296,378,89889,711
19169,49327,127,24083,8,89542,2196
29165,23350,288,14429,719,89322,5270
29021,90581,2582,93020,4457,89201,4662
53025,46477,832,8698,3,89120,990
33009,48857,37,41652,44,89118,828
42063,75366,439,66210,183,88880,2434
36015,98706,2560,54662,593,88830,5828
42039,77956,991,61565,355,88765,1547
55027,63170,279,47436,43,88759,2381
24009,15826,6667,10325,5046,88737,11930
26087,41926,469,26033,28,88319,922
37125,36733,9666,17010,5637,88247,11839
26055,33490,140,23784,32,86986,1033
54107,78331,643,38001,943,86956,958
48469,46475,4005,14990,3600,86793,5513
48005,39814,7062,17705,2435,86771,13035
55089,38441,9,17123,7,86395,1177
48231,39399,6408,48116,4579,86129,7133
39119,79159,3376,57488,1686,86074,3256
41003,39165,75,10663,1,85579,759
13247,10572,2889,8916,3592,85215,39559
55109,29164,28,25910,3,84345,552
13297,20481,6129,25393,10070,83768,13103
55055,50094,20,34306,22,83686,681
26111,51450,27,14005,119,83629,1013
1115,25388,4263,20715,3632,83593,7150
22097,81493,35008,66661,31234,83384,34442
37027,49552,3492,20579,2416,83029,4086
21151,33482,2586,26951,5698,82916,3611
28081,40589,10284,28894,10667,82910,22619
44005,81891,3593,39335,1881,82888,2864
16005,49342,494,19242,129,82839,625
1083,36513,7620,26880,10255,82782,10429
18067,69509,2598,33177,490,82752,5680
41033,29917,6,9567,4,82713,347
1121,65495,20952,37921,18265,82291,26055
36019,72722,2582,48230,251,82128,3209
48361,60357,5959,9528,1898,81837,6979
42033,81534,260,93768,315,81642,1862
17183,96176,5203,77996,2038,81625,10571
55071,75215,14,44978,16,81442,442
37195,57716,23207,28269,12350,81234,31686
47119,41699,8374,40456,16169,80956,10154
1043,45572,514,28321,533,80406,856
36009,80187,493,65919,333,80317,1024
28075,67119,23464,46919,21875,80261,34330
36011,73942,1329,67106,661,80026,3195
13127,41954,11598,15720,9774,79626,20726
39145,84216,1666,48463,1016,79499,2129
1051,30524,10301,28245,13246,79303,15900
54081,77826,9538,25633,2052,78859,6468
48213,21786,4511,20131,4177,78532,4887
53029,19638,204,4704,0,78506,1716
48397,5878,1381,8072,731,78337,4521
51069,21941,431,12787,694,78305,3175
37109,28814,3523,17132,2797,78265,4340
53021,23342,1230,5153,19,78163,1473
39141,61215,3121,40069,2382,78064,4840
42111,77450,132,67717,246,77742,1863
36105,45272,1879,33808,64,77547,7039
5069,81373,35365,52734,37692,77435,42639
29043,12359,4,15832,51,77422,449
18085,40373,84,27936,28,77358,572
16083,41842,22,13543,31,77230,342
33005,43342,34,30659,26,77117,390
39043,68000,4421,38327,311,77079,6644
5145,32745,1241,28574,2162,77076,3074
18005,48198,315,24813,319,76794,1420
45057,39352,10613,26650,13115,76652,18278
51165,40485,704,34903,2335,76314,1273
26159,48395,3286,33185,535,76258,3100
29051,40761,3161,21957,2157,75990,8512
41059,44352,250,20309,55,75889,638
29031,42020,1192,27621,1990,75674,5330
48291,31595,7396,10686,3401,75643,8202
5168,54790,11109,29494,9466,75568,22140
53041,41858,26,32127,79,75455,405
41053,26523,4,13469,2,75403,424
48099,23961,1293,21703,488,75388,11943
26037,37969,44,23129,38,75382,1549
47001,60032,1964,17717,921,75129,2847
24001,84169,1164,62411,1517,75087,6028
28035,52722,14719,20722,7683,74934,27082
39063,53686,268,37860,249,74782,1158
55141,59105,2,30583,6,74749,393
55141,59105,2,30583,6,74749,393
18043,51397,2010,30293,1749,74578,3873
12107,32212,10010,13096,6804,74364,12030
21029,15726,223,9487,679,74319,484
45073,40204,4291,27337,6848,74273,5613
48021,16925,5291,25344,9428,74171,5772
21047,56904,12462,38845,15956,73955,15707
51015,37363,1626,32445,4541,73750,2930
37171,48205,2795,29705,2632,73673,2749
36053,54635,328,39289,296,73442,1350
12089,17189,4287,10525,5553,73314,4668
22045,51657,14781,31262,14474,73240,23435
12087,47921,4770,21563,5842,73090,4194
53027,54465,39,NULL,NULL,72797,803
53007,40744,35,15104,8,72453,236
47141,29236,528,20023,892,72321,1455
23003,106064,1288,74664,51,71870,455
53009,30022,45,6755,2,71404,596
25011,54864,177,43600,119,71372,796
1049,41417,819,28261,854,71109,1078
26155,53446,39,33246,39,70648,325
39013,83864,2071,76856,1782,70400,2834
26073,35348,232,23029,135,70311,1676
13031,24263,8947,26464,10591,70217,19409
18053,75741,3199,51426,1528,70061,4888
55097,36964,4,30945,5,70019,383
18059,26665,41,19030,125,70002,1452
39081,99201,5314,65423,1647,69709,3879
45047,44346,13125,34225,21302,69661,21846
13013,14485,2557,NULL,NULL,69367,7889
37193,45269,2694,30282,2591,69340,2830
54033,77856,1317,48381,1359,69099,1121
42005,79524,880,67880,495,68941,553
18177,74039,3522,43757,1591,68917,3418
18109,33875,8,21182,94,68894,176
47059,42163,1073,31083,1369,68831,1373
13295,45264,2420,18692,2451,68756,2829
45031,52928,23475,36027,21283,68681,28573
51019,31028,5992,29549,8455,68676,3942
5085,24551,5849,27983,11268,68356,4075
48471,21475,7005,16061,8362,67861,15257
37161,45091,5391,28385,4288,67810,6854
28067,59542,15393,29885,8417,67761,19153
12023,20077,6070,17689,8411,67531,11818
42037,53489,71,48467,119,67295,1246
17001,68467,1385,64588,1880,67103,2331
15007,28176,7,NULL,NULL,67091,278
26103,56154,961,46739,83,67077,1141
13285,47189,15760,26228,15399,67044,22394
1127,54211,5610,37013,6538,67023,3928
51095,11539,4085,6338,3034,67009,8805
45059,47609,14064,41550,22753,66537,16933
39101,60221,1493,33971,232,66501,3807
37031,30940,3684,13776,2292,66469,4041
41035,47475,456,8554,21,66380,432
17199,46117,703,45098,866,66357,2540
47147,27335,4782,25466,6492,66283,4934
19049,24123,112,23628,131,66135,918
34033,58711,8812,26999,3324,66083,9309
36113,44002,147,32223,25,65707,590
48203,45594,19740,37243,23698,65631,14398
21145,57306,6207,35064,7934,65565,7224
51199,21583,4667,7757,3764,65464,8751
36051,44053,839,38037,344,65393,1598
29187,36516,167,35738,556,65359,2775
42025,52889,34,52846,27,65249,976
51061,24066,6238,22526,7486,65203,5321
21195,68264,564,31679,332,65024,349
48409,45021,831,7307,79,64804,1071
39009,46998,1014,47798,1240,64757,1774
48347,28046,7508,27406,7030,64524,11731
36043,66370,84,56356,196,64519,700
13255,35404,9973,19741,10060,64073,21030
13047,21101,307,7184,476,63942,1392
26067,43132,1081,33550,90,63905,3019
51143,58296,19944,50709,20163,63506,14018
37037,26785,8408,22635,7668,63505,8392
13179,14487,6096,12924,8355,63453,26805
37163,48013,17251,29982,10043,63431,17128
26117,35795,64,32069,105,63342,1483
36115,48476,539,47778,197,63216,1893
36021,47322,1515,43658,1103,63096,2855
21199,34403,622,35986,1187,63063,727
41011,54955,40,17959,17,63043,258
42015,54925,57,54526,234,62622,311
47063,33092,2053,13650,1610,62544,2527
39087,55438,1798,39488,1789,62450,1278
55017,45096,3,32103,7,62415,982
54055,68206,7186,38371,5960,62264,3791
36077,51942,150,47216,104,62259,1066
55111,36179,17,32869,30,61976,357
5033,21318,534,23942,2063,61948,725
39167,51689,843,45422,1378,61778,664
22001,49931,9817,31847,6546,61773,11175
5115,21177,674,24527,1867,61754,1784
45055,33585,13355,27094,16444,61697,15188
50021,46719,29,48139,108,61642,334
26149,42332,635,25499,88,61295,1600
47167,28564,11188,29459,13353,61081,11449
48427,17137,0,13151,21,60968,69
39143,56486,797,35171,146,60944,1712
39083,38808,380,30181,323,60921,496
53045,16251,5,5156,6,60699,659
37069,28755,12718,24692,11564,60619,16212
37167,40873,4482,19909,2132,60585,6630
13157,18499,2368,30169,8613,60485,4103
21185,13388,1212,7248,1078,60316,2620
17077,42151,2901,35143,2696,60218,8589
45043,34798,18137,22270,16110,60158,20214
33001,28912,17,21309,41,60088,279
36037,53994,741,37615,162,60079,1612
37077,33110,14717,25102,12239,59916,19652
28087,46639,17743,30703,21784,59779,25993
18173,23577,251,21911,456,59689,803
39077,47326,534,34206,284,59626,614
50023,42860,42,41702,41,59534,441
37107,55276,21847,22769,10225,59495,24121
26015,31738,19,22633,23,59173,219
48497,17012,134,26450,67,59127,627
37087,39711,867,21020,567,59036,624
21125,24901,254,19872,657,58849,417
53071,42195,380,31931,152,58781,1079
37061,40270,15142,25442,9281,58505,14773
17195,59887,120,34507,62,58498,781
48001,28162,8358,29650,11323,58458,12310
29145,30093,153,27136,539,58114,438
37047,48973,16254,28020,8955,58098,17713
22113,38855,5008,26390,4500,57999,8286
37105,26561,5884,11376,3526,57866,11565
23017,44345,23,36256,30,57833,212
47019,41578,435,19838,660,57424,760
42103,9158,11,8033,72,57369,3322
1009,25449,835,21456,1181,57322,761
47073,30468,1050,23587,1805,56833,740
55021,36708,3,31129,18,56833,717
39147,59326,771,42421,157,56745,1305
50027,42483,49,33681,67,56670,327
18011,27543,41,24673,123,56640,495
37065,54226,28096,32010,19453,56552,32435
54049,63717,2737,42794,851,56418,1858
51067,25925,3738,26480,5435,56159,4575
47035,19135,2,9327,63,56053,161
28109,22411,5177,10593,2422,55834,6872
26157,43305,333,34913,21,55729,634
39129,35855,805,26158,695,55698,1881
28073,13675,2231,11741,3619,55658,10883
36035,51304,328,44534,317,55531,1060
54079,23561,13,18587,435,55486,490
45021,35205,7465,26179,8510,55342,11278
13129,19228,1208,15861,1356,55186,2005
12131,15576,2107,16460,4997,55043,3178
42121,65295,414,56359,541,54984,571
51191,38076,947,32830,2312,54876,690
51031,32958,6944,23043,9002,54842,7767
37083,58956,31926,37646,24328,54691,29109
22101,48833,14950,39368,21266,54650,17765
48199,24629,4003,12947,2550,54635,3193
1001,18739,7888,20038,11717,54571,9643
1033,46506,8975,24802,9449,54428,8768
23009,32293,13,35575,33,54418,221
48323,14508,29,5151,96,54258,135
47145,39133,1610,22860,2366,54181,1440
17007,20326,33,15481,43,54165,1064
51089,40335,9110,18459,7462,54151,11841
17029,42860,203,34517,201,53873,2067
54037,18665,2882,15889,3499,53498,3524
17141,38106,31,27864,33,53497,483
48401,36421,10596,26946,11314,53330,9435
1071,36681,2231,32918,3136,53227,1781
39005,38771,138,22975,25,53139,398
39037,45612,259,42933,376,52959,238
1113,46351,22906,25937,20198,52947,22135
17095,61280,1806,46159,770,52919,3810
42127,28237,383,29236,20,52822,1644
47031,28603,1010,15625,1624,52796,1845
22089,21219,5733,11207,6720,52780,14051
29101,28981,866,26297,1251,52595,2279
48467,19091,1427,25651,1534,52579,1427
29113,14783,543,17033,1362,52566,984
55135,35340,5,32782,18,52410,154
22115,18301,2422,17384,3716,52334,7443
39159,22853,314,21871,264,52300,1231
26027,36932,3706,20624,1444,52293,2821
29169,46567,2772,11438,22,52274,5984
47107,33662,1786,21046,1892,52266,2066
13103,10144,3501,9971,4278,52250,7048
23025,39749,12,36301,19,52228,192
37141,18508,8886,15471,7620,52217,9269
22099,29063,10817,23070,9836,52160,16039
29213,10238,0,9134,1,51675,449
36033,44742,62,45717,53,51599,3127
24047,23733,8059,21841,7025,51454,7022
47089,21493,926,17755,1639,51407,1048
55043,44419,7,39007,55,51208,588
48221,5443,50,10008,212,51182,252
28151,78638,43097,48933,41600,51137,36468
36107,37802,189,25624,242,51125,375
37189,17529,228,13556,246,51079,877
5035,47564,28019,22447,19000,50902,26051
48073,33120,8522,29038,7641,50845,7498
13039,9975,3973,7690,5113,50513,9799
17073,49317,506,41736,175,50486,796
36017,43243,204,35575,196,50477,345
1045,31066,5473,21608,5810,50251,9679
36057,57240,229,57567,213,50219,951
17063,22350,17,24162,78,50063,605
18029,28674,236,21396,180,50047,300
1031,30583,6344,26119,5782,49948,8359
44001,37146,57,17602,153,49875,398
48277,34234,6369,46544,10993,49793,6703
42009,42451,162,38879,365,49762,238
12063,36208,11232,29821,14254,49746,13231
47053,44699,9623,41630,9547,49683,9340
47043,18839,1365,19955,3079,49666,2056
48265,16800,702,5505,248,49625,884
21019,52163,921,23444,822,49542,1401
18065,48899,421,29758,415,49462,1070
39149,33586,380,24663,231,49423,935
41009,22379,9,10580,1,49351,207
36023,41113,63,29249,71,49336,760
21073,29421,2473,21135,3746,49285,5128
36039,31372,865,30214,513,49221,2826
19045,55060,334,45394,436,49116,1291
55015,22268,1,16701,3,48971,246
36003,43978,102,41412,325,48946,524
5166,11916,720,NULL,NULL,48914,3112
48465,24461,727,8613,153,48879,746
28149,42206,19660,37488,26191,48773,22920
21113,13625,1254,12613,2962,48586,1499
47105,23757,445,13612,964,48556,533
26123,24160,507,19220,19,48460,495
13175,32313,12026,35501,17544,48434,17324
36025,43540,173,45575,226,47980,779
33003,15829,1,16316,13,47818,139
24035,16569,4458,16839,5814,47798,3298
17117,43524,44,50685,186,47765,359
37013,36014,13276,30877,12941,47759,12223
50011,29474,42,29866,59,47746,213
48349,34423,8531,47070,10968,47735,6606
17177,46207,1445,36821,82,47711,4275
28105,26175,11435,19676,12675,47671,17431
18113,28162,12,24009,26,47536,185
37169,22314,2258,20151,2569,47401,1916
28071,21355,7208,21883,9904,47351,11201
21209,15376,1771,16956,4044,47173,2468
22117,44015,14892,18886,5458,47168,14625
18099,32443,65,24175,71,47051,220
37093,16356,7931,NULL,NULL,46952,15716
21107,38458,3381,34291,6573,46920,3086
22061,28535,11928,18485,7289,46735,18925
45025,33717,12476,26301,10557,46734,15253
51047,15088,4139,13472,5262,46689,7368
26059,34742,28,29673,22,46688,220
42087,44348,119,27785,172,46682,300
37153,39202,11774,19673,9225,46639,14269
5093,70174,20712,30468,13472,46480,15817
12039,41989,24944,22198,14965,46389,25996
21101,33519,3392,29352,6818,46250,3590
19181,20829,6,18194,47,46225,216
18093,36564,109,30625,345,46134,186
54019,61731,7601,51903,9311,46039,2122
41041,24635,10,5587,2,46034,193
48325,18904,174,13415,449,46006,1012
42099,26582,4,24136,73,45969,296
39011,36147,55,31246,36,45949,132
22095,18439,9511,14338,8126,45924,24576
42061,39457,958,38304,305,45913,2392
55005,34270,9,29114,18,45870,407
39091,34803,714,30084,777,45858,742
13009,34064,13481,18354,11005,45720,18965
16011,28218,12,23306,44,45607,105
13071,34048,8211,19789,4617,45498,10210
37181,32002,14017,19425,10004,45422,22645
48373,13861,4068,17459,6594,45413,5211
26023,34903,225,25605,50,45248,1393
42065,46792,31,63090,105,45200,157
29161,25396,151,15796,136,45156,1008
51185,44791,2001,24946,2820,45078,1333
47003,23150,2760,22667,5486,45058,3564
37111,26742,1373,13538,2080,44996,1708
42119,25646,649,16249,59,44947,3324
48013,18828,178,10004,228,44911,359
39015,25178,537,24832,1288,44846,384
53075,31263,24,33280,12,44776,748
13275,34319,14189,29071,17086,44720,16497
55081,31241,53,28881,36,44673,512
47123,23316,908,20716,1167,44519,926
50025,29776,26,26932,45,44513,421
54069,68437,2089,57572,1389,44443,1636
18145,34093,379,26802,483,44436,455
29027,23858,2028,24400,3514,44332,2032
55095,24968,12,21367,5,44205,96
55031,45008,31,47422,184,44159,486
19033,49894,213,25011,148,44151,578
29029,9116,11,11582,46,44002,179
28045,14039,2246,11207,4339,43929,3138
55033,26156,9,25260,12,43857,220
1047,56667,32687,53401,43511,43820,30423
39033,46775,327,34036,77,43784,378
33019,28067,19,19337,27,43742,185
1021,25693,4075,23187,4759,43643,4230
39071,29716,862,28711,1379,43589,604
53065,17884,14,25297,12,43531,145
5154,29427,5561,6765,2524,43475,8437
5091,31686,8081,19555,7163,43462,10667
42083,54517,75,47868,251,43450,1046
21179,22168,1745,16830,2935,43437,2183
39097,26454,1568,19902,745,43435,2862
42115,33137,62,37746,114,43356,156
48473,12071,6466,12138,6712,43205,10739
26151,32314,4,33930,8,43114,150
5159,46577,11558,19020,6207,43055,20795
13137,18116,913,10134,711,43041,1444
48493,13267,257,17066,956,42918,701
36073,34159,1462,32000,147,42883,2523
26107,21051,204,19466,237,42798,1077
29023,34656,2511,20624,1372,42794,2256
48053,9265,171,10755,292,42750,766
19139,33840,144,29505,137,42745,606
39051,29301,36,23914,6,42698,183
54099,38977,24,24081,169,42481,74
26057,37012,51,28820,92,42476,2354
18071,30556,149,24727,136,42376,282
39075,21591,7,17909,8,42366,126
13069,21953,5979,21953,7734,42356,11283
39135,32498,111,23834,265,42270,180
18033,28271,38,25054,21,42223,148
29159,35120,1767,33913,2715,42201,1264
21009,28303,2106,25293,3590,42173,1630
36121,34793,807,31880,88,42155,2375
5055,25198,14,23852,40,42090,233
21211,18493,2479,18041,3991,42074,3146
22009,37606,10448,34102,12039,42073,12398
39027,30004,680,23680,939,42040,932
51171,21825,354,20942,493,41993,734
42117,36614,77,42829,73,41981,333
48499,17653,2738,23417,3926,41964,1972
55115,34351,5,31884,31,41949,143
18037,27463,0,19843,9,41889,122
47099,28049,511,17569,969,41869,642
42123,45582,69,39573,75,41815,149
55075,34660,21,33812,11,41749,108
5139,49518,15034,30723,13747,41639,13721
1123,35007,10112,31034,11457,41616,11083
12121,14961,4064,18603,7813,41551,4754
5005,9943,0,10389,7,41513,67
13233,28015,4454,20203,5697,41475,5190
51195,43579,1228,34162,2861,41452,2137
39123,35323,303,22360,31,41428,324
48481,38152,7803,21123,8889,41280,5817
37059,16728,2065,13394,2350,41240,2593
22119,39701,13677,19186,9900,41207,13823
53047,25520,25,12887,19,41120,159
47051,25528,2271,20491,3126,41052,2109
55093,22503,21,22079,15,41019,232
53037,20467,36,18561,247,40915,364
16017,15587,3,13588,16,40877,58
48249,34548,389,NULL,NULL,40838,237
39107,32559,7,27536,115,40814,101
12075,10364,3132,10361,4727,40801,3832
47013,27936,263,27387,1887,40716,125
37139,25630,10114,16693,8357,40661,15355
19127,37984,253,30279,148,40648,679
28113,35063,15397,37272,17597,40404,20813
29091,22027,86,21065,127,40400,156
19057,44605,489,36145,429,40325,2048
37099,17780,341,12998,603,40271,745
13277,23487,7000,11487,3777,40118,11618
39021,29714,1099,26351,1410,40097,892
39059,38579,688,42716,489,40087,590
12093,6424,1051,NULL,NULL,39996,3203
42031,37408,17,36638,24,39988,484
47177,23102,1117,16534,1949,39839,1142
23013,28575,33,28981,73,39736,197
42109,25922,156,16800,4,39702,428
13213,10447,83,9763,402,39628,245
22069,35653,15529,36455,20334,39566,16362
17055,39281,34,25943,19,39561,123
37145,26394,9306,17356,7474,39464,10646
21071,41642,327,18623,99,39451,294
17121,39349,1344,35094,651,39437,1557
36031,35300,122,33458,82,39370,1073
18061,19207,117,20232,293,39364,178
48459,19793,5123,19960,5649,39309,3416
16069,27066,7,24860,48,39265,117
42035,37619,19,31545,209,39238,625
29201,32748,3166,22372,545,39191,4468
12051,8119,1984,NULL,NULL,39140,5261
47021,9428,623,10540,1593,39105,564
39039,31508,17,24498,23,39037,725
18017,40931,318,36368,240,38966,578
17105,40341,937,40465,397,38950,1915
45029,27816,14214,35390,22296,38892,15178
17081,32315,900,29111,378,38827,3251
23027,22632,18,23383,15,38786,137
42059,39424,360,28882,389,38686,1282
17203,24579,4,20506,37,38664,187
29109,23260,47,26583,91,38634,102
26033,32655,278,24472,43,38520,2509
18083,41561,250,39183,572,38440,1009
48097,22560,847,26603,1688,38437,1054
53017,14890,18,9227,11,38431,128
47047,24577,16927,30257,22702,38413,10784
37197,22804,1128,15428,1174,38406,1192
47045,29537,4359,27721,5685,38335,5477
1053,33511,10960,18889,5569,38319,12220
18107,32089,200,29296,246,38124,327
48049,24728,743,22935,525,38106,1382
48055,17222,2582,24237,5378,38066,2585
19187,47810,350,34629,84,38013,1462
18133,24927,409,20520,221,37963,1505
48143,16236,114,32095,589,37890,451
51683,NULL,NULL,NULL,NULL,37821,5188
24041,21578,5852,19620,6774,37782,4829
1039,35631,5747,32124,8001,37765,4716
17027,24029,75,22832,285,37762,1338
55083,25110,0,25657,2,37660,73
39171,29968,4,25198,5,37642,363
51187,14655,1054,8589,1131,37575,1736
16065,9417,2,NULL,NULL,37536,185
45071,29416,10427,34586,22040,37508,11626
16057,21170,25,18818,28,37244,293
37003,15625,1067,11592,910,37198,2043
21035,20972,644,19867,1069,37191,1392
28093,24503,17239,26796,19342,37144,17439
18087,17380,9,15148,10,37128,117
50003,25088,36,21378,92,37125,308
18069,33814,3,28982,16,37124,160
21083,30021,1573,33539,2899,37121,1607
17057,41954,130,49549,248,37069,1269
26041,34298,23,30108,34,37069,75
28003,25282,3333,18159,4275,37057,4221
41007,27380,70,16106,25,37039,195
28095,33953,12012,35178,19535,36989,11420
21089,29238,151,18475,257,36910,257
5009,16116,3,14318,7,36903,72
18103,38000,630,29350,109,36903,1673
39031,32224,356,30121,97,36901,395
51073,11919,3352,12477,5907,36858,3197
19099,35282,40,27034,182,36842,470
55045,25851,5,21641,6,36842,140
50001,20076,26,20010,45,36821,283
54045,61570,4776,14476,532,36743,788
48321,25744,5323,13594,4457,36702,4200
5063,20048,527,24776,1264,36647,722
26061,35654,25,88098,61,36628,198
13299,34219,8465,22957,8914,36312,10721
48189,36798,1988,7566,5,36273,1925
51083,33637,14812,40044,20013,36241,13293
29225,13753,17,17377,87,36202,326
37165,25183,10374,15363,8473,36157,13943
39127,27864,301,35396,563,36058,93
17103,38749,797,27750,62,36031,1735
55085,22112,7,11433,3,35998,152
22087,32186,2339,5277,1933,35897,6350
19111,44207,1039,36702,1471,35862,1118
51149,20270,4713,7848,4551,35725,11429
48241,22100,5496,14000,4731,35710,5959
47029,23390,712,19399,1051,35662,669
22011,19191,4295,NULL,NULL,35654,4655
21235,25815,150,31982,1111,35637,205
19179,46126,468,37743,624,35625,482
21049,21075,1953,17987,4462,35613,1708
29009,18921,5,23869,6,35597,107
29105,18991,169,17363,216,35571,241
17137,36571,1192,34420,1361,35547,2122
54025,34446,1879,24833,1779,35480,981
23023,22793,121,18574,103,35293,254
51093,17164,9022,14929,7512,35270,8712
36099,31984,326,26972,122,35251,1607
37017,28881,11958,18006,8392,35190,12268
48223,18594,2318,31038,3283,35161,2483
48071,10379,2289,4234,1032,35096,2872
48217,23650,3665,46760,4856,35089,2224
47183,24227,1755,31929,3470,35021,2736
48227,40139,1672,8881,4,35012,2181
17011,37594,35,43975,223,34978,212
45027,29490,20122,32188,23393,34971,17504
51155,27258,1788,17246,2930,34872,1757
28085,26759,8340,28597,12054,34869,10443
12027,11683,2532,14200,2351,34862,4431
39117,19405,10,16815,56,34827,121
17021,37207,106,34594,181,34800,495
28107,28791,16216,31274,21224,34707,16875
55019,31527,30,30074,15,34690,80
39137,28331,5,29972,26,34499,94
23015,18497,3,18216,18,34457,109
45089,40932,27171,37626,23214,34423,22637
18001,24643,1,21840,2,34387,107
1079,24501,5464,21984,6933,34339,3938
17049,23107,6,20055,23,34242,79
1017,37828,13863,36056,18660,34215,13257
18151,17184,25,14274,22,34185,179
28011,54464,36663,48905,42763,34145,21920
22039,31639,8478,NULL,NULL,33984,9632
37113,14935,278,12191,576,33922,447
37055,5935,403,4841,495,33920,834
48147,23880,2446,44801,5366,33915,2312
48477,19145,6106,25561,12017,33718,5947
19167,26375,9,25248,2,33704,129
54077,27233,100,26341,151,33520,361
18051,29949,657,30137,1445,33503,597
51137,12900,2881,13486,5526,33481,4256
18073,18842,8,13044,6,33478,212
17157,29988,1453,29120,1525,33476,3263
48259,5889,40,4517,253,33410,167
22047,29939,14615,30954,19145,33387,16454
29107,25274,968,30154,2869,33381,742
47103,23829,3156,25908,5502,33361,2269
19125,25886,88,22995,93,33309,225
18183,20954,0,16892,40,33292,99
39079,29372,247,30791,708,33225,193
18023,30765,38,26674,84,33224,142
18055,26327,5,36873,85,33165,49
51001,30635,11837,36650,13273,33164,9303
51109,12959,5145,16578,7883,33153,5870
51023,16715,1515,17727,3495,33148,1005
45023,30888,12325,29425,19140,33140,12387
26063,34006,13,34758,8,33118,122
54051,38041,360,32388,575,33107,177
37175,16372,854,7191,638,33090,1292
24011,19462,3928,19216,4787,33066,4585
45067,32014,17582,20596,11208,33062,18476
33007,37140,11,30753,31,33055,148
17133,15507,1,13508,13,32957,69
5059,21893,3193,15022,1960,32923,3568
1109,25987,10740,30815,14437,32899,12054
18169,32605,67,26926,167,32888,163
23029,32908,20,42905,59,32856,140
13261,24652,13015,29092,21243,32819,17001
13219,6304,1393,11104,5162,32808,1635
36095,22616,81,23855,224,32749,435
26165,18466,14,20769,60,32735,129
51117,31428,14703,28956,16394,32727,12050
26047,15904,102,18561,44,32694,156
24019,29666,9013,28669,9421,32618,9042
17109,28928,129,26887,123,32612,1642
29219,8750,356,9123,478,32513,621
18077,24061,392,20483,604,32428,542
5173,36750,17351,24127,11014,32420,25646
51009,22953,5217,18932,7465,32353,6148
48449,16785,2940,16422,3118,32334,3091
47079,22275,3322,25434,5921,32330,2599
28083,47142,30307,36290,30628,32317,23342
28001,37730,18670,25265,18908,32297,17287
47025,19067,304,23504,819,32213,282
51173,31066,504,20326,981,32208,640
29209,8176,3,11559,1,32202,53
45033,30584,14118,22615,11539,32062,14782
48273,30052,1011,NULL,NULL,32061,1201
39065,29633,198,30407,556,32058,259
13145,11167,6107,17886,12865,32024,5506
29069,39139,1613,30328,96,31953,3105
42047,37328,24,35871,34,31946,89
21121,25258,390,22116,1059,31883,346
48025,23755,536,12090,568,31861,2592
47143,15863,639,15410,1316,31809,616
47131,26957,3204,29946,5293,31807,3367
1059,21988,1231,19369,1842,31704,1228
18027,26636,109,27747,210,31648,172
22053,29825,6313,NULL,NULL,31594,5468
21177,27791,1343,28598,2911,31499,1426
21157,16736,10,15771,135,31448,49
41045,22764,74,8601,14,31313,370
50005,22786,26,26031,10,31227,167
29167,13753,0,21561,138,31137,235
39053,26120,1238,25745,1875,30934,812
26035,11647,1,9240,3,30926,149
1093,21837,727,17495,520,30776,1184
12129,5257,1500,4802,2384,30776,4464
23007,20069,4,19119,17,30768,71
54029,39615,1521,10465,37,30676,712
47117,16859,1980,16872,3414,30617,2003
48067,23496,6972,27587,9952,30464,5315
17107,33656,540,30216,377,30305,2285
13029,6226,2298,6702,3337,30233,4286
17135,31244,137,35311,238,30104,952
13305,17921,3788,13069,3309,30099,5996
24023,20420,39,20105,107,30097,301
51035,23178,74,21116,268,30042,178
29207,29490,1994,27807,24,29968,275
13187,7241,127,5444,320,29966,340
28115,17232,3284,19688,4727,29957,4131
53031,9639,16,8337,11,29872,246
55123,25663,7,28116,116,29773,109
17075,33562,145,35543,172,29718,233
28099,20927,4686,17980,2949,29676,6207
26007,28556,1,19965,3,29598,79
47055,22410,4003,32629,10867,29485,3012
28133,45750,30855,28787,23281,29450,21479
28029,27051,14058,35914,19981,29449,14983
13227,8903,386,9041,440,29431,312
54083,26349,260,26028,376,29405,344
39073,20168,154,23650,143,29380,217
21095,51107,4055,10566,564,29278,643
51197,21975,955,20372,2188,29235,818
54035,18541,6,20956,26,29211,85
39047,24775,778,21744,1231,29030,586
45087,30015,8891,29911,15471,28961,9066
50017,16014,10,18703,12,28936,110
45069,28529,13812,31189,18928,28933,14729
51167,26290,503,23474,1025,28897,233
28137,18138,10439,19714,11535,28886,8755
39019,20857,314,15761,25,28836,139
18137,20641,8,19452,31,28818,69
55121,23377,9,22928,2,28816,62
29127,29522,1566,30572,2894,28781,1417
13143,14543,1193,13514,2027,28780,1353
39161,28840,97,29119,327,28744,250
55069,22338,13,19064,12,28743,157
21193,34961,1040,11255,214,28712,435
39131,19380,313,15723,717,28709,258
26105,21929,67,21832,6,28705,172
21013,35336,1271,28447,2920,28691,644
13169,8468,4255,13103,9288,28669,7008
21163,18938,842,9783,655,28602,948
39001,19982,60,24755,184,28550,87
51033,12725,6594,16596,8750,28545,8375
18079,17267,286,14203,295,28525,216
47017,23476,3161,23971,5051,28522,2879
12007,12446,2876,14090,3987,28520,5823
21021,21257,2287,14668,4153,28432,2121
48015,13777,2953,17699,5018,28417,2668
13177,6204,3889,11679,9992,28298,5268
13123,8922,8,9237,71,28292,135
42131,16813,46,15509,12,28276,208
28123,21187,8089,16723,6896,28264,10585
18175,17819,0,17445,8,28262,64
5123,33303,18891,22548,15508,28258,14667
47115,21036,1339,18820,2289,28237,1012
39069,25392,4,25119,8,28215,117
54057,22354,681,16674,601,28212,782
13195,11246,2088,16851,5149,28120,2355
48363,20516,878,19506,528,28111,621
28163,31653,18759,46672,35502,28065,16013
51145,6747,2674,6099,3633,28046,3822
51053,22183,13678,15442,9368,28001,9204
22067,33709,15778,18786,13971,27979,13133
13087,25203,10479,29045,16738,27842,11438
47097,21844,8258,21105,9554,27815,9720
37123,18408,4580,14967,3660,27798,5231
55029,20685,10,18711,3,27785,144
47077,16115,1713,17030,1918,27769,2187
12049,12370,1138,NULL,NULL,27731,1936
21043,20817,11,21966,110,27720,147
13225,13846,8127,NULL,NULL,27695,12715
18179,21220,1,22418,3,27636,96
28127,20454,7194,17201,5969,27503,9666
1005,24700,12840,32728,20456,27457,12875
5015,11284,6,16829,66,27446,103
37039,16335,317,14136,503,27444,350
54053,24459,529,23019,349,27324,171
37009,19768,191,19074,550,27281,161
47069,21517,8391,23011,10098,27253,11281
50019,20143,9,23337,20,27231,162
13279,16837,4731,11206,3411,27223,6767
13293,23800,6682,12757,6998,27153,7590
13311,6935,299,5110,397,27144,457
28145,18904,3312,18997,4216,27134,3935
12003,7363,1597,4805,1159,27115,3680
28091,23293,7883,15599,6063,27088,8752
36049,23249,10,24849,13,27087,184
16039,16719,333,4785,1,27038,733
45037,15735,9153,28281,20114,26985,10030
37007,24962,11961,25465,13326,26948,13090
18021,24207,189,32535,227,26890,87
54059,39742,2053,19431,1236,26839,473
21141,20896,2316,24977,5349,26835,1767
1061,22310,3358,26230,4305,26790,2539
55057,17490,8,19569,13,26664,557
22031,24248,13949,27689,17932,26656,10449
48185,12709,4844,21205,9858,26604,4390
26127,16547,66,18379,25,26570,119
21173,13461,1312,12868,3192,26499,731
24039,19623,7300,26455,9476,26470,11192
13207,10495,5076,20450,13656,26424,6268
48463,16814,153,11233,262,26405,170
48407,6153,3208,9542,5193,26384,2710
19015,28037,29,27626,105,26306,206
54067,25414,6,17699,48,26233,43
5184,15110,1183,5864,1038,26203,2864
13257,18391,2555,9728,2222,26175,2845
18135,28434,90,29013,235,26171,117
26043,23917,5,20524,9,26168,87
26031,14550,7,17872,34,26152,133
28027,46212,31440,34217,30382,26151,19752
16051,11672,9,NULL,NULL,26140,52
5103,31641,12161,21774,12333,26120,10468
19011,23422,12,23156,9,26076,102
47109,18085,1248,16356,1557,26075,1550
47071,17397,1084,17521,2170,26026,896
13055,19954,1838,13608,2454,26015,2899
29215,17758,5,21458,2,26008,876
1019,16303,1685,20226,2606,25989,1208
5023,9059,1,11903,7,25970,72
26029,13421,5,19157,89,25949,80
18129,19214,278,21670,963,25910,233
26069,16505,107,9753,5,25887,122
47185,15577,428,15420,899,25841,459
1025,25738,12744,30987,17311,25833,11336
22003,19867,4751,NULL,NULL,25764,5985
41061,18180,74,16191,21,25748,132
21085,15834,80,19958,333,25746,264
18031,20019,3,18793,89,25740,82
26051,10769,1,8413,37,25692,60
51065,7227,2722,8323,3374,25691,3938
29001,20105,70,22700,216,25607,408
51105,25824,167,23840,952,25587,947
5071,12421,259,19698,517,25540,364
29007,26079,1654,21687,1617,25529,1646
13267,15837,5033,18569,5841,25520,7465
48419,20479,5248,26423,5274,25448,4432
45001,21417,6851,34804,22522,25417,7187
29175,22014,1133,26182,2458,25414,1490
36123,18614,121,18642,134,25348,203
28117,17949,2185,16931,2875,25276,3488
41057,18955,10,6266,1,25250,85
13147,15229,3727,16216,5080,25213,4710
41065,20205,45,16336,31,25213,106
29221,14346,135,13378,403,25195,557
13131,18015,6661,18457,7403,25011,7176
19149,23906,2,23129,10,24986,76
21239,11913,1563,12571,3724,24939,1230
17165,26227,845,30204,918,24913,995
12133,11249,2175,16403,4965,24896,3745
48171,10048,16,9447,116,24837,89
51775,NULL,NULL,NULL,NULL,24802,1763
45053,12237,7616,NULL,NULL,24777,11406
48331,22263,4019,36780,9485,24757,2473
29131,13800,20,16717,96,24748,99
21137,16503,909,17897,2955,24742,565
26101,19042,86,26688,20,24733,723
29055,12647,4,13576,35,24696,67
47081,11862,634,16527,2430,24690,1120
37091,22718,13398,15436,9098,24669,14933
21081,9489,59,10581,292,24662,178
18181,19709,0,17602,11,24643,68
42067,15874,10,15013,171,24636,151
54005,28764,342,10331,164,24629,122
5111,30834,3236,12791,2121,24583,1775
48149,20384,2874,29796,7361,24554,1632
5027,26400,9504,23820,10869,24552,9059
21133,30102,729,10623,17,24519,85
21217,16285,917,11961,1429,24512,1216
37117,27139,13554,17797,8838,24505,10651
55137,13497,3,18886,11,24496,454
55137,13497,3,18886,11,24496,454
1133,14858,77,12855,54,24484,115
50015,11027,2,12585,3,24475,149
26143,7200,0,2274,2,24449,91
5163,13639,2593,5874,1480,24286,5498
18041,24454,486,14415,440,24277,322
19017,21108,21,15843,6,24276,191
54097,18292,71,16629,226,24254,158
22085,18564,4380,19874,4164,24233,4026
18143,14643,3,8323,1,24181,57
26137,7545,9,6552,1,24164,80
51027,36724,2,12334,4,24098,616
54009,28940,410,11098,151,24069,281
51139,15572,477,14147,1166,24042,466
26109,24685,3,25648,7,24029,72
54027,11705,162,11694,303,23964,240
45039,20713,12318,29442,22377,23956,14167
21183,17725,338,27642,1288,23842,196
28079,18660,7582,18298,6171,23805,9654
48365,16870,5174,20424,8842,23796,3867
54109,34836,1279,10392,105,23796,117
22121,14796,7294,12636,9223,23788,8972
39105,22159,337,25594,690,23770,206
5179,22232,2201,10604,2476,23746,2885
48225,19376,7444,29564,12548,23732,6179
37033,19912,9549,14858,7651,23719,8020
55049,19631,10,22497,20,23687,87
13111,13620,44,12574,162,23682,83
13035,8976,4183,13624,7200,23655,6469
51099,7243,1950,6378,2913,23584,4214
26009,10373,7,15692,35,23580,41
37053,6601,2083,7693,2598,23547,1361
26133,13595,33,17889,39,23528,133
13205,19652,10020,22114,11649,23498,11219
29177,16075,355,21451,1215,23494,280
13081,17768,7619,16423,8616,23439,10079
22007,17991,7417,24128,10105,23421,7141
28057,15080,872,14526,1198,23401,1391
48293,20413,5804,34621,9247,23384,4103
29147,22215,8,28833,155,23370,566
29195,25148,1359,29448,3784,23370,1235
51147,14121,5631,14266,8458,23368,7756
18149,17911,19,10567,14,23363,66
21115,19748,1,17482,47,23356,56
21205,12808,25,9438,59,23333,349
13033,20596,13681,27268,22462,23316,11533
51169,25813,311,23814,503,23177,135
48007,7006,281,2106,136,23158,303
18047,17015,3,15335,6,23087,37
29119,11798,5,13539,2,23083,133
1099,22372,11324,27155,15727,23068,9614
22075,22545,6339,12524,6847,23042,4715
5019,20950,5409,23686,7367,22995,5413
17083,17023,44,13954,89,22985,93
16031,16121,31,7197,1,22952,64
48219,22340,1237,137,0,22935,837
1007,14357,4417,22791,7710,22915,5047
1111,19477,4973,24659,5717,22913,4607
22077,22488,12048,25289,17147,22802,8284
22111,17624,6482,20451,7448,22721,6182
17085,21821,8,22657,20,22678,107
47057,12506,177,13888,483,22657,107
16075,12363,14,NULL,NULL,22623,52
45011,17659,7639,34209,24647,22621,10015
39175,21648,0,20760,21,22615,44
5057,19661,7329,28285,14100,22609,6646
13107,17815,5900,25140,9990,22598,7562
5167,17895,2972,NULL,NULL,22591,8367
28039,11098,1285,6599,1827,22578,1829
12123,13168,3234,7103,2689,22570,4669
48179,31535,910,3405,2,22535,1097
19123,23602,52,29860,677,22381,254
16053,11712,7,NULL,NULL,22374,62
41015,13983,9,2044,1,22364,67
17173,23404,5,31693,75,22363,50
5083,15957,325,26350,640,22353,297
17145,19184,363,22088,814,22350,1866
41027,13395,16,8016,8,22346,101
13085,3590,1,4686,152,22330,105
22043,13330,3222,15958,4869,22309,3470
51163,24039,1972,21171,3528,22307,594
29083,19226,238,27242,842,22272,226
47111,12197,121,14559,732,22248,93
28139,15093,2743,14631,2801,22232,3544
47151,15413,3,12947,97,22228,21
5149,11940,427,26323,1759,22185,307
48233,34419,691,892,1,22150,558
17051,21946,411,28075,19,22140,980
48489,20084,105,NULL,NULL,22134,473
54047,71359,15899,47856,14667,22113,2107
22093,18369,9047,23009,13164,22102,11180
37131,26811,17093,22323,13062,22099,12895
13119,13274,1528,17894,3974,22084,1850
47133,14661,77,15854,299,22083,87
13199,19756,9777,25180,14730,21992,8605
47129,14304,307,11458,691,21987,806
28043,18409,9050,15727,11161,21906,9140
48341,14773,2,561,0,21904,336
13189,12627,5352,10325,5985,21875,8706
5003,24220,8881,25268,13276,21853,5640
13091,16483,4584,20127,8460,21796,6504
48457,10666,2230,10250,2207,21766,2390
5107,43997,25308,33535,26354,21757,13719
21051,20748,455,17789,494,21730,915
28101,19517,6183,23085,8950,21720,6567
41031,7130,5,NULL,NULL,21720,138
54043,20267,3,20491,30,21720,18
51075,9206,4432,9237,5230,21717,4180
26089,9321,8,10608,22,21708,66
19183,19406,16,19925,104,21704,146
26129,9680,2,8907,2,21699,39
13321,16682,8040,19147,9517,21679,5978
53003,12909,18,5831,1,21623,92
18119,11400,15,14053,89,21575,65
18153,21721,44,32439,120,21475,961
1087,26717,22287,26049,22039,21452,17729
55125,9332,0,6019,10,21430,35
21005,8618,386,10146,734,21421,433
48057,16592,818,3635,491,21381,565
16013,4598,9,8387,10,21376,39
37079,16741,8424,13083,6096,21362,7964
13291,6510,1,6918,64,21356,99
21167,14596,872,14063,2171,21331,765
37015,24350,14447,23039,13503,21282,13296
5029,15430,3423,22729,8298,21273,2385
18075,22572,85,24961,171,21253,60
13237,7798,4214,13876,10178,21218,5522
13303,18903,10801,28174,17393,21187,11173
29217,20540,15,28827,138,21159,102
45049,17425,9382,25126,16120,21090,11359
19191,21651,4,21729,18,21056,133
1091,27098,16832,39923,30846,21027,10872
5182,15694,976,NULL,NULL,21006,2229
41013,9430,1,9315,8,20978,35
37185,19652,12306,20266,13207,20972,10970
19019,22293,30,19748,18,20958,67
18147,16074,189,20676,837,20952,96
1013,24560,10985,29030,15373,20947,9095
53049,14674,15,12532,3,20920,79
19065,28581,39,27919,107,20880,198
55001,7566,6,8604,4,20875,633
48089,18463,4595,18897,7074,20874,2740
18049,16957,39,16879,6,20836,150
22029,20467,9462,14278,11941,20822,8513
19027,23431,3,20117,31,20816,83
21231,14700,391,17518,739,20813,316
22041,26088,10589,11989,5264,20767,6537
37115,17217,118,20132,432,20764,240
28153,16258,5799,14709,5843,20747,8071
29049,11588,331,15297,769,20743,290
22083,23824,10561,15769,10463,20725,7454
55119,17843,1,13641,24,20689,58
5113,11981,0,17216,46,20662,65
19105,20693,63,19050,83,20638,408
28025,18933,9717,20203,14105,20634,12017
55061,18282,0,16784,0,20574,69
29141,9476,166,12863,410,20565,131
37149,11395,1422,7640,1094,20510,918
48019,3892,19,4921,34,20485,98
55053,15151,6,17075,2,20449,400
53039,13455,6,10180,33,20318,50
22037,20198,10907,20055,14536,20267,9108
19021,21189,3,15981,0,20260,540
48253,19299,1110,24299,259,20202,2344
24029,15481,3868,16957,6162,20197,3056
13105,17835,6108,24125,12082,20166,5950
18015,16934,16,17970,7,20155,48
19087,18187,100,18640,264,20145,447
48123,20683,2786,23501,4753,20097,1876
16067,14394,34,NULL,NULL,20069,77
21027,14734,691,21034,1581,20059,409
21017,18178,2608,17462,5642,19985,1198
17041,19243,3,19591,58,19980,58
55067,19916,17,17062,10,19977,72
21003,12269,265,14882,910,19956,164
12059,10844,452,11557,1194,19927,1147
45081,14554,5330,20943,11189,19875,5230
19097,20754,4,21258,0,19848,61
18117,16877,144,17192,363,19840,170
21155,16887,1370,16330,2266,19820,1604
17033,20751,7,26281,38,19817,934
48161,12525,4918,20557,8772,19816,3193
48177,17845,3242,28055,8212,19807,1468
1107,21882,9784,25055,12951,19746,8211
48337,14893,0,25123,27,19719,53
48281,9418,285,9532,436,19677,632
39125,16792,295,22730,502,19614,173
28141,13889,677,13067,1089,19593,519
28031,13637,4733,16909,5224,19568,6825
28007,21335,9523,28851,13219,19564,8208
48117,13187,254,3942,68,19372,242
18123,17232,17,18078,193,19338,471
48299,5240,46,6520,62,19301,112
13019,12038,1842,22772,6263,19286,2063
48285,20174,2100,26418,4384,19263,1301
12079,14154,6723,16919,9410,19224,7460
45061,21832,14366,25318,17251,19220,12359
28051,27096,19488,39088,31197,19198,16018
28159,19246,8278,17139,6863,19198,8753
47159,12059,614,18548,2325,19166,410
47173,8498,2,11414,30,19109,22
17067,24574,18,30638,59,19104,52
29015,8737,22,14881,136,19056,58
55047,15418,2,15491,8,19051,88
5001,23355,5757,16103,4269,19019,4661
29157,14642,9,14898,228,18971,75
29143,31350,6336,19488,2097,18956,2999
19157,19300,26,19589,55,18914,220
21097,13704,573,16873,1750,18846,385
29229,14183,92,18315,236,18815,88
47075,23393,14336,25910,17710,18787,9465
13229,9678,2127,10749,2742,18758,1666
53001,9929,47,10920,9,18728,109
47041,10774,275,15434,835,18723,250
21001,14699,778,16503,1475,18656,503
48133,19526,344,23421,57,18583,335
17045,22550,101,27336,312,18576,64
51175,27195,15659,26302,16091,18570,6916
48503,17254,251,13657,3,18550,232
47085,11511,571,13908,1201,18538,463
29163,16706,1298,22556,3350,18516,1333
5043,15213,5154,21960,11789,18509,5144
19031,17791,1,17765,21,18499,52
51141,15282,1379,17195,1618,18490,1085
51127,4504,2314,4682,2791,18429,2484
13025,5891,773,NULL,NULL,18411,538
51079,4715,584,6937,1339,18403,1167
13011,6497,426,11244,2321,18395,427
36097,15044,106,14004,184,18343,159
13171,10240,4048,NULL,NULL,18317,5650
47171,15082,5,7201,131,18313,36
21147,12463,0,NULL,NULL,18306,1009
29155,38095,10255,19559,1533,18296,4899
42093,16730,35,14868,77,18267,256
47091,10765,138,13191,377,18244,378
13001,13246,3042,12318,2863,18236,3392
48035,10809,363,19013,848,18212,296
21099,14119,1495,18173,1991,18199,885
29186,12116,70,10607,386,18145,118
19043,21962,0,25576,26,18129,61
5047,10213,120,20638,382,18125,130
55103,17684,15,18809,13,18021,82
5067,22843,3466,23501,6203,17997,3000
5121,12520,168,18987,515,17969,128
47049,13288,2,7446,98,17959,31
5037,19551,5896,14042,6127,17870,3972
13231,7138,3201,19495,10159,17869,1837
13211,10280,4920,19717,13414,17868,4208
48145,21263,6955,35649,12612,17866,4524
5053,8294,569,9425,994,17853,390
5152,17144,1152,6247,1144,17835,1009
37199,14008,136,12072,233,17818,145
17181,17645,282,21856,211,17808,156
37011,12009,151,NULL,NULL,17797,709
28131,7013,1709,NULL,NULL,17786,3404
17005,14060,81,17075,160,17768,1080
19171,21413,46,22156,33,17767,60
19055,18483,1,17888,2,17764,48
17187,21587,318,23313,576,17707,303
13017,13633,4548,11863,4901,17634,6104
29053,15448,1196,20311,2878,17601,1207
1129,15372,5021,14454,6064,17581,4380
21207,11076,142,10861,207,17565,82
54065,8376,126,7848,177,17541,97
23021,17379,7,19887,7,17535,53
19083,22533,18,20921,46,17534,217
48165,12267,353,1255,0,17526,305
26019,7834,30,10638,89,17525,72
21161,18454,1829,18611,2868,17490,1120
42105,16483,47,29729,54,17457,67
51193,11042,5166,9313,4668,17454,4891
51025,17779,10428,19244,11366,17434,9992
5075,17267,147,20001,750,17415,137
5157,9587,14,NULL,NULL,17411,1783
18139,20393,235,19349,418,17392,132
28017,16891,6499,22846,12714,17392,7319
18121,14804,36,22214,160,17339,397
21213,11548,1606,11460,2165,17327,1625
1067,15286,6965,20943,10150,17302,4942
5141,7228,95,13509,220,17295,68
29003,11062,5,15282,130,17291,72
51071,17219,441,11623,755,17286,261
5135,6319,0,11688,83,17264,93
1057,16148,2573,16248,1866,17241,1969
18045,18706,5,20439,30,17240,28
48163,10112,60,8895,151,17217,584
13075,11822,3484,NULL,NULL,17212,4704
22027,19407,9755,25050,14938,17195,8733
48051,11177,3497,18687,8587,17187,2098
26079,4382,7,8097,23,17153,50
51029,10877,4845,15204,7570,17146,6014
47023,9569,1284,9090,1571,17131,1569
19047,18569,5,20041,25,17096,208
28061,16909,8437,18498,9013,17062,8970
21215,5680,356,7567,758,17061,258
5133,10156,957,16616,2296,17058,734
21203,12334,2,14473,125,17056,19
29013,15905,134,25869,238,17049,150
47181,11908,206,12062,845,17021,978
12041,2868,328,NULL,NULL,16939,897
13163,17468,9878,21379,12979,16930,9213
48415,20369,568,10924,1,16921,799
21079,9747,888,11894,2284,16912,346
54091,15010,193,16554,527,16895,125
19101,15818,50,15951,79,16843,214
55065,18142,2,20075,5,16836,39
17101,18540,183,22661,289,16833,1608
47139,12160,28,14116,284,16825,50
48289,9951,3796,16583,6878,16801,1202
29059,9314,0,13181,2,16777,35
17191,19008,2,25697,11,16760,42
28023,16493,6470,21630,10262,16732,5759
17147,14960,1,16376,12,16729,58
16045,9127,2,NULL,NULL,16719,20
19041,18504,0,12766,0,16667,69
19059,12574,2,8137,5,16667,29
5089,6041,1,10203,0,16653,30
55023,16351,4,16288,3,16644,296
13083,8666,135,4139,291,16633,145
48395,16157,6543,27454,14571,16622,3586
48287,8949,2139,13132,4039,16612,1807
54001,15474,193,15858,920,16589,124
54103,19347,5,23855,57,16583,24
17039,17253,35,18906,65,16561,87
55113,9475,0,6227,0,16557,77
25007,5829,139,4504,193,16535,511
13271,11715,4011,13288,4761,16500,6017
28129,14303,3235,16603,2899,16491,3776
47005,10662,316,12452,340,16489,321
17131,17149,18,19723,34,16434,47
17149,20552,10,28622,162,16430,275
26053,24370,2,23333,6,16427,678
12029,4479,648,NULL,NULL,16422,1386
5175,9371,620,4202,665,16408,1279
54041,19711,95,18281,239,16372,74
19095,16396,3,18409,5,16355,57
21119,17362,170,10791,157,16346,118
17023,16546,7,23517,74,16335,48
19067,21102,1,17119,17,16303,203
13241,7456,60,5562,156,16276,156
22049,15828,5127,13818,3996,16274,4853
16049,13542,12,12384,5,16267,42
51005,12128,471,14173,2945,16250,761
13027,15292,7452,23832,14086,16243,5729
17159,16299,27,15970,15,16233,78
18165,17683,18,18865,121,16212,24
55003,17375,4,21965,8,16157,48
41001,17295,26,18076,27,16134,57
5021,21258,3,23690,10,16083,56
13133,11193,5873,18512,11636,15994,6105
45009,16274,9085,18544,12874,15987,9837
21045,14327,45,15479,278,15955,85
18159,15856,1,17459,9,15936,29
51101,7563,3351,8547,4855,15935,2819
19145,21023,48,24002,262,15932,352
55129,10301,10,8196,3,15911,36
51051,20211,149,9199,7,15903,51
26011,9860,4,9640,6,15899,29
39067,17995,571,19076,612,15864,330
12045,9937,2385,NULL,NULL,15863,2962
21127,12134,41,20067,163,15860,33
51135,15141,6467,13462,7347,15853,6227
53055,2872,0,3603,0,15769,54
1065,19537,13809,27883,21987,15760,9301
5087,9068,3,16056,45,15717,28
19121,12295,2,15621,5,15679,46
19079,20032,15,19242,37,15673,50
29065,10445,1,13245,18,15657,55
22125,12395,8190,13449,11012,15625,7263
29135,10500,152,14375,503,15607,581
37121,13906,38,17245,343,15579,58
29121,16473,307,30868,1004,15566,353
19109,25314,9,21971,6,15543,44
12125,6043,1616,NULL,NULL,15535,3449
51077,17390,681,19856,939,15533,320
48371,11957,81,2071,2,15507,572
16047,9544,2,NULL,NULL,15464,37
55013,9214,13,9026,6,15457,81
28147,13512,6099,NULL,NULL,15443,6873
17127,14341,1018,14200,2584,15429,904
21103,10987,863,13716,1792,15416,419
55077,8516,0,10741,9,15404,77
17015,19507,84,18035,13,15387,123
28135,24081,15400,29078,20180,15378,8679
22127,16034,4995,18357,3931,15313,4702
51063,10462,532,14092,837,15279,280
18013,7024,3,7975,1,15242,53
29073,12195,2,12847,41,15222,27
48353,18963,748,11999,111,15216,715
29117,15771,336,19453,596,15195,367
45017,12256,8197,16634,12739,15175,6459
13161,8914,1824,6050,1593,15068,2224
19129,13050,15,15811,47,15059,57
39115,12747,495,16097,147,15054,432
51125,12752,3554,16821,5263,15020,1967
55007,11910,6,15987,8,15014,46
21225,14537,1324,19886,2414,15007,1808
51011,9148,2328,8904,3089,14973,3007
1029,10911,697,13385,711,14972,498
28013,15941,4346,17726,3812,14962,4149
19085,17600,9,23162,15,14928,25
54087,15720,17,21543,18,14926,19
13093,11474,6027,20554,12728,14918,7442
13221,7926,3556,18680,11338,14899,2566
22059,13011,1614,9402,1953,14890,1769
21191,9968,89,11985,261,14877,53
19023,17467,0,17119,1,14867,26
26113,6784,1,10606,15,14849,43
17139,13635,2,14630,4,14846,41
42057,10597,84,9703,94,14845,151
48255,14995,424,14942,793,14824,1377
12047,7705,3425,11825,5533,14799,5102
37041,11729,5462,11303,6159,14793,5070
48003,13450,279,975,1,14786,222
12065,9543,5641,17210,13114,14761,5340
55107,14794,12,11160,2,14755,61
13193,13170,8297,15016,10581,14740,8933
17189,13569,2,18759,73,14716,101
21065,12466,41,12273,106,14672,29
17125,15193,2,17377,10,14666,54
17193,19373,62,23052,470,14665,56
39121,10982,3,18601,44,14645,368
39111,15268,7,24244,90,14642,61
12013,7422,1189,7465,2140,14625,2011
13251,14919,7825,20202,12165,14593,6318
47033,14594,3565,16076,3611,14586,1843
48455,7539,2031,12768,3195,14585,1378
1075,14271,2101,17487,3180,14564,1643
54007,15152,119,23023,221,14523,59
13183,3874,1277,NULL,NULL,14464,3647
48351,10372,3446,10850,3864,14445,2901
28041,8366,1923,6050,1347,14400,3749
19141,18840,3,17262,2,14398,67
29133,20695,4941,14557,2006,14358,3440
22013,16726,8255,21776,9464,14353,6076
21069,10890,364,16066,1027,14348,183
21221,8870,1505,14539,3322,14339,1171
13191,6364,3690,6442,4978,14333,5149
19005,15982,3,17328,19,14330,113
51685,NULL,NULL,NULL,NULL,14273,1852
18111,11502,11,10504,20,14244,56
21123,10346,548,10701,785,14193,444
55099,14370,0,13795,6,14159,39
5079,14447,6998,15118,9967,14134,4223
47153,5915,0,4202,139,14112,21
29181,9096,2,13099,5,14100,49
17053,16606,55,17096,87,14081,85
48239,14040,1693,6471,2114,14075,988
26039,4971,109,3934,2,14074,51
5183,6832,928,NULL,NULL,14068,1968
51043,7942,1366,7468,1900,14034,746
54031,9308,239,9163,387,14025,354
48505,4393,17,3809,0,14018,19
29039,9185,0,16080,13,13982,14
37173,8387,70,10403,185,13981,76
48279,21896,1663,540,1,13977,598
48093,11865,2,27186,12,13974,53
19029,17919,14,19047,22,13956,35
1027,12400,2016,21006,2648,13932,2066
54089,15640,1038,18420,1130,13927,664
21175,11056,7,16259,34,13923,600
1041,14909,4639,23313,7514,13906,3254
13159,6135,3303,16552,11484,13900,3037
17061,17460,18,22363,62,13886,119
21025,15490,49,17540,260,13878,43
29151,10867,14,14283,149,13878,28
21135,13115,20,16887,141,13870,37
1023,17870,8857,18483,11503,13859,6012
48115,19185,1059,2320,2,13833,905
5169,18798,5691,NULL,NULL,13821,6213
17025,15815,5,18661,26,13815,47
47015,8537,200,10825,580,13801,168
5061,10878,2260,16898,3498,13789,2846
48389,17644,623,4392,82,13783,690
1119,20041,15297,28699,23322,13763,10316
47061,11512,15,8322,143,13703,37
5065,6766,54,14561,242,13696,175
29067,9653,2,16664,8,13684,30
48313,6749,2236,10318,2757,13664,2719
17017,14539,2,17372,4,13642,419
21233,14244,1137,20974,2643,13621,563
55011,14202,2,16006,1,13587,37
48059,7929,2,12973,4,13544,141
48487,17748,1636,12000,70,13535,1086
29223,8638,4,15181,23,13521,38
54063,11584,346,13055,673,13502,91
21109,10677,0,10734,22,13494,16
37143,9178,4303,11054,5589,13453,3347
39163,10274,16,13096,213,13435,39
18131,12837,42,13312,2,13402,88
26141,13117,2,11249,3,13376,56
21153,11156,1,13654,54,13333,18
47161,7851,232,14860,1806,13324,188
51113,8187,1830,10055,3264,13308,1302
16043,8679,6,24606,20,13242,46
19197,19447,5,17951,4,13229,57
1035,17762,8061,21433,10079,13228,6149
37187,13488,6083,11062,5503,13228,6587
5081,9211,2884,13597,5698,13171,2519
37137,9850,3611,9966,3773,13144,2632
28005,15573,8440,22954,12590,13131,5427
13023,9642,2744,NULL,NULL,13063,3564
5041,20770,9972,15274,12129,13008,6216
53051,6914,2,NULL,NULL,13001,52
21033,13073,923,14063,2520,12984,668
48343,12576,3384,10439,3706,12934,2976
21159,10201,2,7291,4,12929,896
28077,10215,3861,13080,5147,12929,3974
51111,12523,5286,12780,6811,12914,4487
29063,7226,0,12531,64,12892,1459
19007,16015,124,28701,486,12887,63
12043,2950,1013,NULL,NULL,12884,1588
47007,7811,455,6329,391,12876,470
48387,15682,3821,28564,8673,12860,2233
18125,12797,15,19684,133,12845,39
16041,8457,1,NULL,NULL,12786,28
18009,14792,2,15820,40,12766,49
16079,20876,2,13963,18,12765,26
29115,16815,225,25253,668,12761,86
17129,9248,14,12796,107,12705,76
21031,9586,72,15805,561,12690,48
51007,7815,3995,8720,5490,12690,2932
28161,12502,5538,21519,11182,12678,4805
48445,16286,598,1474,1,12651,605
17123,13334,6,15679,41,12640,44
13079,5816,3363,8310,4922,12630,2818
21197,6674,94,6268,337,12613,79
51037,13368,5329,15785,8335,12586,3751
17087,6928,23,14331,164,12582,1006
19175,13712,9,16616,70,12534,89
28065,13540,7408,12860,6757,12487,7477
21219,11364,1881,16488,5343,12460,996
19075,14132,2,13574,11,12453,28
19037,15034,2,15375,0,12439,41
29011,11113,1,16747,24,12402,47
48063,7849,2984,9551,4415,12401,2163
5137,6294,0,8946,94,12394,11
51131,16966,9174,16672,9314,12389,4528
29017,9167,0,14576,30,12363,32
5161,10192,144,NULL,NULL,12332,532
51133,10185,4343,10777,4267,12330,3123
28111,8745,2411,7685,2581,12250,2451
5049,6657,0,12193,44,12245,40
51081,16155,8861,11890,7393,12243,7321
29139,11097,539,15604,1176,12236,201
29123,9366,32,11273,280,12226,34
37073,9254,5009,10455,4693,12197,4044
13049,5313,1697,4722,1189,12171,3464
19165,15825,1,16552,7,12167,32
21061,8085,102,10469,439,12161,169
47101,6269,122,6033,854,12161,199
51735,NULL,NULL,NULL,NULL,12150,78
22065,16444,10650,10676,9455,12093,7381
51183,12411,8223,13664,8962,12087,7023
19035,18598,13,16741,5,12072,66
13235,8204,3560,22835,13504,12010,3824
17185,14047,0,14913,45,11947,77
54023,8304,232,7838,253,11937,80
13149,5333,1226,11189,3756,11834,1159
26071,17184,4,15164,8,11817,14
5017,18990,10747,21987,17682,11800,6381
48131,13398,7,8964,8,11782,110
47039,8324,532,10093,1019,11757,338
47121,5160,254,6131,566,11753,116
21229,11168,1148,13940,1779,11717,742
48507,12696,64,1889,1,11677,89
1131,18739,14592,33810,27602,11670,8465
47087,9233,34,15036,302,11638,30
22123,14177,3178,6249,2724,11604,1822
21011,9114,472,13988,1336,11591,152
19119,14468,1,14624,4,11581,10
12037,6576,1391,5201,2487,11549,1589
28103,16826,12064,28503,23947,11545,8262
1037,10726,3878,16634,6256,11539,3582
26085,5338,1409,4939,5,11539,1058
48297,7846,18,3442,36,11531,502
16073,6375,0,4044,3,11526,23
5011,14029,4919,14518,4641,11508,3173
51103,9174,3635,9752,5139,11391,3184
19115,10290,0,12855,17,11387,60
19081,14604,1,12731,11,11341,56
21131,10941,0,8976,132,11310,22
1085,15417,12438,31894,28125,11299,8310
5109,7864,336,12565,918,11291,330
13053,13011,2277,5586,3864,11267,2123
21087,11249,609,11871,1343,11258,224
5127,7297,2,14302,22,11233,53
22091,9162,5081,9172,4573,11203,5974
41049,4871,0,4357,5,11173,55
37005,7734,209,7745,340,11155,140
51057,6690,3163,9105,5315,11151,4247
26097,10853,17,9249,11,11113,57
13005,8359,1086,NULL,NULL,11096,1704
53059,5207,0,2887,3,11066,46
17035,9936,1,14281,7,11048,38
13099,13151,6822,18122,11273,11008,5462
13109,6952,2583,NULL,NULL,11000,3205
13043,6672,2361,NULL,NULL,10998,2683
16021,5809,0,NULL,NULL,10972,29
21171,11799,351,13663,705,10963,231
51119,6319,2612,8852,4636,10959,1978
19077,13607,6,17374,2,10954,16
26001,6352,0,5703,9,10942,13
28097,13320,5968,17706,8927,10925,4967
1011,13462,9679,30196,25362,10914,7666
48379,2993,306,6787,616,10914,256
29149,9845,3,14681,9,10881,15
19189,13099,3,11914,2,10866,85
21187,8237,354,14248,943,10841,91
48403,7302,1892,8582,1679,10834,784
21041,7978,232,8110,530,10811,163
28143,16826,13315,18646,16910,10778,7918
19131,14043,0,13435,5,10776,21
48077,8351,82,17043,101,10752,57
19137,14467,16,16604,48,10740,25
18025,8379,0,12057,0,10713,24
19069,15472,3,14780,10,10680,38
48475,14917,374,2389,3,10658,522
29093,8041,48,8563,179,10630,138
18155,7092,11,9914,48,10613,32
48159,5101,395,9331,735,10605,417
28015,11177,6492,23139,13475,10597,3461
13317,10961,5618,23441,16598,10593,4535
1105,17358,11401,31222,24494,10591,7276
37043,5526,49,3909,158,10587,64
53043,10919,8,17539,13,10570,28
48315,8049,4210,10472,6725,10546,2325
19107,15492,3,21160,17,10511,50
48399,15016,404,20858,133,10501,192
48031,3657,103,4311,350,10497,69
13281,4538,1,3932,15,10471,41
28069,12277,7212,20348,11691,10456,6288
54085,10877,1,17875,26,10449,20
5105,4927,157,9402,910,10445,196
5077,21001,12791,24252,19003,10424,5761
45005,11362,7183,NULL,NULL,10419,7672
22025,11421,4015,10415,5195,10407,3280
19161,17007,1,16555,30,10350,31
18101,10608,29,12950,18,10334,10
19063,14871,1,9816,19,10302,65
21053,8886,30,8153,94,10272,39
48369,9583,242,1555,0,10269,119
29079,12220,18,16744,159,10261,59
28155,10580,2619,14853,3286,10253,2040
45065,8629,5318,NULL,NULL,10233,5083
48357,9380,0,1602,0,10223,39
29111,10984,467,15514,776,10211,323
16087,8378,0,11101,12,10198,18
25019,3559,108,2962,35,10172,688
16081,2639,0,NULL,NULL,10170,25
29173,8078,212,12913,610,10167,108
37103,11005,5163,8721,4096,10153,3289
29089,10859,1091,15653,3152,10144,532
22021,9004,2503,8593,3465,10132,1746
21169,8367,331,10453,794,10099,154
13173,5097,1543,NULL,NULL,10078,2390
51049,6360,3450,9195,6053,10052,3278
48127,10095,53,3460,29,9996,99
13167,8048,2675,12897,5557,9980,3489
37029,5598,2357,5640,2213,9980,1316
28157,13235,9428,18075,13904,9878,6992
16085,3663,0,NULL,NULL,9862,11
19091,13156,0,12182,4,9815,44
29185,8421,36,16412,184,9805,53
26119,4424,1,3755,1,9765,15
29153,6744,0,11926,16,9723,11
17079,11346,5,18157,69,9698,11
19025,15923,11,17090,11,9670,22
48429,8885,395,7980,4,9630,201
29085,4516,0,8741,7,9627,25
28021,10845,8239,17403,13608,9604,8104
26003,9250,2,7675,12,9601,612
19089,12734,0,12920,12,9566,25
13319,9250,4458,10078,5155,9563,3672
13155,9211,3433,10461,4916,9538,2472
21149,9355,60,13241,750,9531,55
21139,7029,78,10627,670,9519,21
5097,5370,20,12455,304,9487,22
13141,9979,7459,19189,14268,9429,6983
29025,8830,5,14605,278,9424,40
19147,14736,2,13845,4,9421,44
48335,11255,830,8956,192,9403,1060
54015,11942,66,10233,5,9386,6
28053,19093,13300,NULL,NULL,9375,6987
19073,14379,4,16023,1,9336,26
13273,12742,8208,22003,16607,9315,5700
21055,8648,109,13296,588,9315,76
55041,7542,0,6782,2,9304,76
29033,13847,258,23098,1019,9295,154
19039,8222,4,10736,43,9286,39
16009,6036,12,NULL,NULL,9285,28
13315,7905,2639,13486,5505,9255,3252
51159,6375,2213,7415,3071,9254,2804
19133,13916,1,16633,0,9243,33
48043,6434,44,5220,71,9232,104
54095,10026,12,16211,115,9208,14
29125,7282,1,10088,8,9176,24
54101,13719,1,9680,8,9154,14
13209,6284,2545,19638,7310,9123,2397
22081,9978,4746,11402,6212,9091,3595
48009,6110,19,6525,3,9054,40
1063,13600,11050,22717,19705,9045,7370
48237,7418,85,11817,118,9044,340
13289,7935,4771,10736,7396,9023,3724
5099,10700,3857,19344,6790,8997,2764
51115,7121,1755,8922,2513,8978,823
29081,11603,1,20466,28,8957,30
13287,8439,3112,10075,4018,8930,3712
13269,8311,4012,10839,5379,8906,3503
19117,10923,10,13462,83,8898,17
48083,12458,321,22618,253,8895,197
12067,2889,344,6710,1361,8870,1411
48405,7722,3009,11264,3453,8865,2016
37075,6432,0,4749,0,8861,17
26013,7151,0,6127,2,8860,635
18007,11912,11,12688,71,8854,42
29137,10688,513,18304,1223,8840,264
21223,5102,3,6512,142,8809,27
16035,8548,3,NULL,NULL,8761,18
19051,9199,8,13315,43,8753,7
13197,5477,3289,9147,5364,8742,2856
13253,6802,2611,NULL,NULL,8729,2916
28009,7723,3609,10245,5037,8729,3252
54075,10136,373,14740,445,8719,60
5117,10515,1942,13853,4481,8715,1064
54021,8050,1,11379,17,8693,1073
5025,6944,1704,13481,4334,8689,1059
26135,3447,1,2027,4,8640,14
21077,3867,100,4697,274,8589,113
5162,NULL,NULL,NULL,NULL,8582,4884
21091,5330,146,8512,566,8565,75
28019,8423,2516,14357,4169,8547,2574
48193,8488,2,15315,8,8517,46
18171,8545,0,10899,18,8508,11
48425,2577,3,3931,1,8490,57
21023,7422,63,10308,339,8488,29
26153,8953,6,8681,5,8485,11
17065,10010,2,18227,3,8457,31
19053,10539,1,16347,34,8457,152
29203,7087,0,11443,0,8441,17
29061,9502,30,17605,258,8433,23
47083,4794,362,6224,910,8426,193
13003,6188,1777,NULL,NULL,8375,1453
12077,3138,478,4700,2111,8365,1497
13165,9148,4542,11520,7296,8340,3380
5101,5963,1,10612,10,8330,9
21143,5924,532,9423,1799,8314,441
48307,8815,319,13405,189,8283,160
21007,8291,407,12690,1585,8249,238
17003,16061,5298,22741,7775,8238,2915
28119,21019,13254,11593,8864,8223,5724
54017,6970,1,12672,8,8202,111
5129,8124,0,14825,104,8195,12
5095,17327,8407,19907,12526,8149,3330
28037,9286,3798,15193,6823,8118,2791
5039,10522,4186,12621,4657,8116,3400
48069,8923,372,1850,0,8062,162
13181,5906,2893,8714,5175,7996,2570
19135,10463,53,25429,2371,7970,22
16059,5816,1,4786,5,7936,18
47135,5273,191,8815,633,7915,119
41037,7158,4,4658,8,7895,39
21129,7420,52,9531,234,7887,185
29057,7577,66,15613,235,7883,30
48501,8032,81,602,0,7879,70
47169,4914,828,5874,1781,7870,754
47027,7289,166,9009,289,7861,104
48437,10607,433,4012,0,7854,566
21063,6330,0,9814,1,7852,268
47095,9572,2202,8704,3268,7832,2171
29041,12720,852,23503,2232,7831,156
48377,5460,1,5218,31,7818,47
16077,4111,1,NULL,NULL,7817,22
22035,14433,8800,11637,10390,7759,5356
28063,10142,7652,18221,14287,7726,6620
13243,11078,6886,18841,12986,7719,4769
42053,4485,0,9435,8,7716,1389
54071,8093,172,9349,132,7695,150
19001,10893,0,14420,21,7682,11
5073,11030,4979,13741,7181,7645,2845
54013,7948,11,11258,80,7627,16
54073,7124,8,8074,9,7605,100
19195,10259,43,9950,16,7598,27
19177,9778,6,15020,60,7570,15
53019,3889,3,4800,10,7551,26
17169,8746,1,14852,6,7544,243
18161,6457,64,6260,101,7516,33
55091,7332,2,7577,1,7469,21
41023,7726,3,5607,3,7445,14
19071,10282,3,15623,39,7441,39
41025,6744,6,4059,2,7422,19
13309,5342,1735,NULL,NULL,7421,2614
48391,10975,1026,2814,481,7383,483
51157,5368,945,8044,2148,7373,321
21237,6534,0,9864,56,7355,10
17071,8237,9,9724,15,7331,15
19151,14234,1,14808,3,7310,26
5147,13954,5741,20049,11705,7260,1994
51036,5492,4145,5253,3765,7256,3513
48047,8609,11,NULL,NULL,7223,37
48175,5429,626,9909,1501,7210,343
48017,9090,365,312,0,7165,86
54093,7750,20,18675,344,7141,11
29045,8725,8,12811,50,7139,19
21181,6677,193,10601,896,7135,41
48495,13652,417,442,1,7110,156
19093,10269,0,11296,2,7089,17
51181,6220,4023,9715,6005,7058,3254
5164,5254,342,NULL,NULL,7042,439
51678,NULL,NULL,NULL,NULL,7042,680
48075,8421,520,9538,0,7041,698
16015,1646,0,5250,3,7028,15
41063,7102,11,8364,1,7008,26
50013,2927,0,3761,0,6970,25
16029,5976,0,NULL,NULL,6963,4
51097,5889,3066,9576,5373,6945,1975
17009,6210,2,10397,6,6937,1280
48283,5972,7,4747,93,6886,34
13283,5874,1943,NULL,NULL,6885,2247
13263,7127,4975,11696,8230,6865,4065
21057,7835,478,9846,1024,6856,178
22023,6909,434,4288,538,6839,119
51021,5982,197,5154,133,6824,228
47067,7757,99,10778,481,6819,24
21075,11256,1983,14114,3356,6813,1609
13065,6545,2471,8424,3378,6798,1886
26131,10584,1,8650,2,6780,6
29075,8793,4,16820,11,6738,21
17047,7940,17,10049,86,6721,30
29211,8783,2,18598,93,6714,34
48111,6302,58,4001,6,6703,84
29179,5161,0,9592,2,6696,45
13037,7341,4779,11334,8361,6694,4105
5153,6300,253,3245,416,6650,347
26095,7827,12,4004,3,6631,737
19143,10064,0,8956,6,6462,18
48169,6611,321,1995,36,6461,420
48153,12369,893,4638,0,6446,232
42113,6251,26,11293,2,6428,168
19185,9800,0,16184,9,6403,18
29205,9063,194,14864,558,6373,32
47127,3454,295,4800,334,6362,145
19173,10288,7,16312,61,6317,14
21165,4276,11,6153,40,6306,116
50009,6083,7,7384,5,6306,18
29035,3973,0,5504,2,6265,7
51515,NULL,NULL,NULL,NULL,6222,1256
48065,7781,22,2127,0,6182,35
17153,10490,3799,15650,5911,6161,1994
48411,6381,47,11245,103,6131,204
18115,4165,52,4329,144,6128,22
13201,6908,2032,7986,3257,6125,1720
19009,10919,2,12671,5,6119,10
48205,2171,2,1298,3,6062,418
48107,10347,873,1765,0,6059,209
13259,7371,5200,13437,10381,6058,2864
17155,4570,12,7561,10,6006,32
17175,8152,10,10098,9,5994,28
16007,7148,2,7729,1,5986,6
5158,11062,1325,NULL,NULL,5961,746
51595,NULL,NULL,NULL,NULL,5927,3706
55051,7830,2,8306,3,5916,3
48305,10914,665,1713,0,5915,127
48207,11174,642,16249,84,5899,220
13301,7360,4609,11860,8132,5834,3602
37095,5765,2435,8840,3701,5810,1836
54105,4391,13,9047,40,5717,9
29005,9213,3,13604,14,5685,17
48195,6208,7,935,0,5613,36
17059,7638,84,14628,606,5589,12
47175,3671,31,2784,48,5548,23
48483,7947,294,5258,2,5410,113
5013,5991,2108,9894,3413,5368,1192
17171,6377,1,10067,15,5355,9
48247,5022,3,NULL,NULL,5300,22
22107,11796,7665,17060,15613,5252,2967
48119,5860,830,14566,809,5231,380
16063,3686,0,12676,28,5208,19
51045,3356,2,4711,207,5190,5
19159,7910,0,12904,1,5131,17
21039,5608,84,9048,393,5104,39
17013,5933,1,8610,0,5089,7
42023,7586,11,7644,31,5085,13
47137,4431,6,5087,11,5077,5
13249,3256,1839,5213,3291,5010,1169
29171,6999,2,14308,20,4979,9
48333,4467,1,9694,7,4936,26
28125,10738,7469,15694,13967,4916,3490
29087,7885,2,14539,118,4912,8
21105,6747,813,11750,1766,4902,452
29199,6484,4,11869,45,4843,3
36041,4267,4,4373,0,4836,35
48317,5068,209,1549,1,4799,78
21189,5369,15,7979,75,4755,13
51017,5335,495,6538,1176,4731,222
48267,3943,8,3261,0,4607,18
17151,4061,70,11215,523,4470,269
29197,5052,0,9062,4,4431,1
55037,3437,1,3381,0,4423,10
37177,4520,1974,5219,1642,4407,1683
48103,4699,223,331,0,4375,125
16037,2996,0,3001,1,4368,8
17069,5879,16,7015,140,4320,13
16071,3603,0,15170,2,4286,9
55078,NULL,NULL,NULL,NULL,4232,19
48197,8275,969,11213,40,4139,246
29103,6558,18,12403,168,4131,14
48435,3738,32,1569,3,4128,17
48095,3672,3,6654,7,4087,77
53013,4569,2,7042,2,4078,12
13101,1876,519,3309,990,4034,171
19003,7468,2,10998,13,4029,8
48319,3780,23,5683,70,4012,18
53069,3426,4,3285,2,3978,10
16003,2978,1,NULL,NULL,3976,5
48151,7865,377,12596,9,3974,136
5172,4996,381,NULL,NULL,3958,250
16061,4423,0,NULL,NULL,3821,14
48211,3185,0,3170,0,3807,9
29129,5750,3,12335,33,3785,6
48023,5893,233,8411,3,3726,75
48105,4209,126,1296,4,3719,30
48275,7857,561,9625,17,3719,214
48129,4449,215,5284,38,3677,164
48271,2452,189,3401,158,3598,53
48229,3343,13,NULL,NULL,3476,48
48413,2791,77,1893,44,3461,38
13007,4543,2674,7973,5718,3451,1613
48417,3990,127,4201,126,3378,29
48383,3782,262,392,2,3367,70
48461,6239,272,501,12,3355,63
48191,7322,959,8279,2,3353,242
48081,3589,4,6412,0,3320,8
48385,2079,4,NULL,NULL,3309,22
48295,3406,1,2634,3,3302,25
13061,4551,2837,8960,6569,3183,1923
48079,6417,292,65,0,3127,125
13125,2672,763,4669,1507,3082,253
48087,6276,534,5224,3,3057,134
48421,2605,0,1376,2,3034,14
16023,3498,0,NULL,NULL,2891,6
13307,3247,2074,6151,4182,2799,1185
13239,2432,1560,4594,3588,2513,1204
48125,4963,257,3092,2,2444,99
48109,2794,7,NULL,NULL,2398,15
48243,1582,1,1678,47,2342,23
51091,3221,18,5317,260,2321,6
21201,2443,18,4121,70,2282,4
53023,2976,1,4199,7,2266,0
48327,2964,38,2707,24,2242,13
29227,3936,0,8007,0,2171,12
26083,2417,26,7156,3,2156,3
48359,1928,4,812,0,2052,62
48137,2317,7,3768,4,2002,11
48011,1966,3,2682,0,1901,11
41021,3069,15,3701,1,1871,3
41055,2446,0,4242,1,1765,4
13265,3370,2096,8766,6450,1717,1024
48447,2767,4,4563,11,1641,11
48045,3577,191,2162,0,1637,41
48235,1183,10,1283,1,1599,11
48101,4207,341,4396,1,1505,133
48433,3017,119,5320,3,1490,39
41069,2722,0,2484,2,1441,0
28055,3576,2399,10560,9946,1406,906
48155,3125,271,5726,6,1336,53
48173,1118,13,1143,5,1226,15
48345,2870,266,2396,0,1210,24
48431,1177,9,1493,1,1143,14
16025,917,0,NULL,NULL,1117,3
48443,2600,8,1430,4,984,7
16033,915,0,NULL,NULL,982,7
48393,1075,1,950,3,929,1
48263,1727,47,2655,1,808,8
48311,1116,0,1091,58,707,8
48033,1076,0,1386,0,641,0
48261,884,0,NULL,NULL,416,5
48269,640,44,810,8,286,0
15005,279,0,NULL,NULL,90,0
48301,226,10,249,1,82,0
